candidate,objective,epsilon,occupied_1d_boxes,span_frac,extreme_gap_eps
adopted,nyc_delivery_reliability_annual,0.02,26,1.000,0.00
adopted,nyc_delivery_deficit_p99_pct,5,17,0.963,0.00
adopted,montague_flow_reliability_annual,0.02,35,0.891,0.00
adopted,montague_flow_deficit_p99_pct,5,14,0.907,0.00
adopted,trenton_flow_reliability_annual,0.015,15,0.869,0.00
adopted,downstream_flood_exceedance_annual,0.3,2,0.857,0.23
adopted,nyc_storage_min_p01_pct,5,8,0.979,0.14
adopted,nj_delivery_reliability_annual,0.025,31,0.876,0.00
grouped_base,nyc_delivery_reliability_annual,0.02,26,1.000,0.00
grouped_base,nyc_delivery_deficit_p99_pct,5,17,0.946,0.00
grouped_base,montague_flow_reliability_annual,0.02,35,0.885,0.22
grouped_base,montague_flow_deficit_p99_pct,5,14,0.895,0.02
grouped_base,trenton_flow_reliability_annual,0.02,12,0.833,0.44
grouped_base,downstream_flood_exceedance_annual,0.3,2,0.843,0.23
grouped_base,nyc_storage_min_p01_pct,5,8,0.982,0.12
grouped_base,nj_delivery_reliability_annual,0.02,38,0.883,0.00
rel_x2,nyc_delivery_reliability_annual,0.04,13,1.000,0.00
rel_x2,nyc_delivery_deficit_p99_pct,5,17,0.940,0.00
rel_x2,montague_flow_reliability_annual,0.04,18,0.885,0.11
rel_x2,montague_flow_deficit_p99_pct,5,13,0.810,0.02
rel_x2,trenton_flow_reliability_annual,0.04,7,0.833,0.22
rel_x2,downstream_flood_exceedance_annual,0.3,2,0.808,0.28
rel_x2,nyc_storage_min_p01_pct,5,8,0.982,0.12
rel_x2,nj_delivery_reliability_annual,0.04,19,0.876,0.00
rel_x3,nyc_delivery_reliability_annual,0.06,9,1.000,0.00
rel_x3,nyc_delivery_deficit_p99_pct,5,17,0.922,0.00
rel_x3,montague_flow_reliability_annual,0.06,12,0.882,0.11
rel_x3,montague_flow_deficit_p99_pct,5,12,0.791,0.14
rel_x3,trenton_flow_reliability_annual,0.06,4,0.701,0.44
rel_x3,downstream_flood_exceedance_annual,0.3,2,0.807,0.29
rel_x3,nyc_storage_min_p01_pct,5,8,0.979,0.14
rel_x3,nj_delivery_reliability_annual,0.06,14,0.876,0.00
rel_x4,nyc_delivery_reliability_annual,0.08,7,0.998,0.01
rel_x4,nyc_delivery_deficit_p99_pct,5,14,0.906,0.00
rel_x4,montague_flow_reliability_annual,0.08,10,0.885,0.06
rel_x4,montague_flow_deficit_p99_pct,5,11,0.696,0.02
rel_x4,trenton_flow_reliability_annual,0.08,4,0.751,0.11
rel_x4,downstream_flood_exceedance_annual,0.3,2,0.795,0.30
rel_x4,nyc_storage_min_p01_pct,5,8,0.979,0.14
rel_x4,nj_delivery_reliability_annual,0.08,8,0.625,0.00
rel_x5,nyc_delivery_reliability_annual,0.1,6,0.998,0.01
rel_x5,nyc_delivery_deficit_p99_pct,5,14,0.903,0.06
rel_x5,montague_flow_reliability_annual,0.1,7,0.852,0.09
rel_x5,montague_flow_deficit_p99_pct,5,11,0.688,0.14
rel_x5,trenton_flow_reliability_annual,0.1,2,0.516,0.57
rel_x5,downstream_flood_exceedance_annual,0.3,2,0.791,0.30
rel_x5,nyc_storage_min_p01_pct,5,8,0.979,0.14
rel_x5,nj_delivery_reliability_annual,0.1,6,0.617,0.00
def_7.5,nyc_delivery_reliability_annual,0.02,26,1.000,0.00
def_7.5,nyc_delivery_deficit_p99_pct,7.5,12,0.946,0.00
def_7.5,montague_flow_reliability_annual,0.02,34,0.856,0.22
def_7.5,montague_flow_deficit_p99_pct,7.5,9,0.895,0.01
def_7.5,trenton_flow_reliability_annual,0.02,12,0.869,0.00
def_7.5,downstream_flood_exceedance_annual,0.3,2,0.850,0.21
def_7.5,nyc_storage_min_p01_pct,5,8,0.979,0.14
def_7.5,nj_delivery_reliability_annual,0.02,36,0.853,0.00
def_10,nyc_delivery_reliability_annual,0.02,26,1.000,0.00
def_10,nyc_delivery_deficit_p99_pct,10,9,0.946,0.00
def_10,montague_flow_reliability_annual,0.02,35,0.885,0.22
def_10,montague_flow_deficit_p99_pct,10,7,0.895,0.01
def_10,trenton_flow_reliability_annual,0.02,12,0.833,0.44
def_10,downstream_flood_exceedance_annual,0.3,2,0.843,0.23
def_10,nyc_storage_min_p01_pct,5,8,0.982,0.12
def_10,nj_delivery_reliability_annual,0.02,34,0.837,0.00
flood_0.5,nyc_delivery_reliability_annual,0.02,26,1.000,0.00
flood_0.5,nyc_delivery_deficit_p99_pct,5,18,0.978,0.00
flood_0.5,montague_flow_reliability_annual,0.02,37,0.964,0.22
flood_0.5,montague_flow_deficit_p99_pct,5,14,0.936,0.02
flood_0.5,trenton_flow_reliability_annual,0.02,12,0.964,0.44
flood_0.5,downstream_flood_exceedance_annual,0.5,2,0.943,0.04
flood_0.5,nyc_storage_min_p01_pct,5,8,0.982,0.12
flood_0.5,nj_delivery_reliability_annual,0.02,39,0.929,0.00
flood_0.6,nyc_delivery_reliability_annual,0.02,26,1.000,0.00
flood_0.6,nyc_delivery_deficit_p99_pct,5,17,0.946,0.00
flood_0.6,montague_flow_reliability_annual,0.02,35,0.885,0.22
flood_0.6,montague_flow_deficit_p99_pct,5,14,0.895,0.02
flood_0.6,trenton_flow_reliability_annual,0.02,12,0.833,0.44
flood_0.6,downstream_flood_exceedance_annual,0.6,2,0.843,0.11
flood_0.6,nyc_storage_min_p01_pct,5,8,0.982,0.12
flood_0.6,nj_delivery_reliability_annual,0.02,38,0.883,0.00
stor_7.5,nyc_delivery_reliability_annual,0.02,26,0.998,0.06
stor_7.5,nyc_delivery_deficit_p99_pct,5,17,0.946,0.00
stor_7.5,montague_flow_reliability_annual,0.02,36,0.946,0.22
stor_7.5,montague_flow_deficit_p99_pct,5,14,0.889,0.12
stor_7.5,trenton_flow_reliability_annual,0.02,11,0.787,0.44
stor_7.5,downstream_flood_exceedance_annual,0.3,2,0.810,0.28
stor_7.5,nyc_storage_min_p01_pct,7.5,6,0.982,0.08
stor_7.5,nj_delivery_reliability_annual,0.02,37,0.883,0.00
stor_10,nyc_delivery_reliability_annual,0.02,26,1.000,0.00
stor_10,nyc_delivery_deficit_p99_pct,5,17,0.946,0.00
stor_10,montague_flow_reliability_annual,0.02,34,0.872,0.22
stor_10,montague_flow_deficit_p99_pct,5,14,0.895,0.02
stor_10,trenton_flow_reliability_annual,0.02,12,0.833,0.44
stor_10,downstream_flood_exceedance_annual,0.3,2,0.810,0.28
stor_10,nyc_storage_min_p01_pct,10,5,0.982,0.06
stor_10,nj_delivery_reliability_annual,0.02,37,0.883,0.00
joint_x1.5,nyc_delivery_reliability_annual,0.03,18,0.996,0.04
joint_x1.5,nyc_delivery_deficit_p99_pct,7.5,12,0.975,0.00
joint_x1.5,montague_flow_reliability_annual,0.03,27,0.994,0.00
joint_x1.5,montague_flow_deficit_p99_pct,7.5,10,0.957,0.00
joint_x1.5,trenton_flow_reliability_annual,0.03,8,0.873,0.52
joint_x1.5,downstream_flood_exceedance_annual,0.45,2,0.956,0.03
joint_x1.5,nyc_storage_min_p01_pct,7.5,6,0.940,0.27
joint_x1.5,nj_delivery_reliability_annual,0.03,27,0.964,0.00
joint_x2,nyc_delivery_reliability_annual,0.04,13,0.982,0.14
joint_x2,nyc_delivery_deficit_p99_pct,10,9,0.938,0.02
joint_x2,montague_flow_reliability_annual,0.04,17,0.849,0.28
joint_x2,montague_flow_deficit_p99_pct,10,7,0.794,0.12
joint_x2,trenton_flow_reliability_annual,0.04,7,0.833,0.22
joint_x2,downstream_flood_exceedance_annual,0.6,2,0.786,0.16
joint_x2,nyc_storage_min_p01_pct,10,5,0.982,0.06
joint_x2,nj_delivery_reliability_annual,0.04,15,0.781,0.00
joint_x3,nyc_delivery_reliability_annual,0.06,8,0.902,0.09
joint_x3,nyc_delivery_deficit_p99_pct,15,6,0.905,0.05
joint_x3,montague_flow_reliability_annual,0.06,11,0.794,0.26
joint_x3,montague_flow_deficit_p99_pct,15,4,0.745,0.24
joint_x3,trenton_flow_reliability_annual,0.06,4,0.579,0.61
joint_x3,downstream_flood_exceedance_annual,1,1,0.715,0.13
joint_x3,nyc_storage_min_p01_pct,15,4,0.940,0.13
joint_x3,nj_delivery_reliability_annual,0.06,10,0.643,0.00
rel_x2.5,nyc_delivery_reliability_annual,0.05,11,0.998,0.02
rel_x2.5,nyc_delivery_deficit_p99_pct,5,17,0.959,0.00
rel_x2.5,montague_flow_reliability_annual,0.05,14,0.879,0.18
rel_x2.5,montague_flow_deficit_p99_pct,5,13,0.850,0.20
rel_x2.5,trenton_flow_reliability_annual,0.05,5,0.715,0.53
rel_x2.5,downstream_flood_exceedance_annual,0.3,2,0.814,0.27
rel_x2.5,nyc_storage_min_p01_pct,5,8,0.979,0.14
rel_x2.5,nj_delivery_reliability_annual,0.05,14,0.815,0.00
mixed_r2,nyc_delivery_reliability_annual,0.04,13,1.000,0.00
mixed_r2,nyc_delivery_deficit_p99_pct,7.5,11,0.940,0.00
mixed_r2,montague_flow_reliability_annual,0.04,17,0.853,0.17
mixed_r2,montague_flow_deficit_p99_pct,7.5,9,0.810,0.01
mixed_r2,trenton_flow_reliability_annual,0.04,7,0.869,0.00
mixed_r2,downstream_flood_exceedance_annual,0.3,2,0.850,0.21
mixed_r2,nyc_storage_min_p01_pct,5,8,0.979,0.14
mixed_r2,nj_delivery_reliability_annual,0.04,18,0.853,0.00
mixed_r2.5,nyc_delivery_reliability_annual,0.05,10,0.991,0.02
mixed_r2.5,nyc_delivery_deficit_p99_pct,7.5,12,0.956,0.04
mixed_r2.5,montague_flow_reliability_annual,0.05,14,0.868,0.13
mixed_r2.5,montague_flow_deficit_p99_pct,7.5,9,0.832,0.30
mixed_r2.5,trenton_flow_reliability_annual,0.05,4,0.670,0.40
mixed_r2.5,downstream_flood_exceedance_annual,0.5,2,0.908,0.07
mixed_r2.5,nyc_storage_min_p01_pct,7.5,6,0.940,0.27
mixed_r2.5,nj_delivery_reliability_annual,0.05,16,0.929,0.00
mixed_r3,nyc_delivery_reliability_annual,0.06,9,0.993,0.02
mixed_r3,nyc_delivery_deficit_p99_pct,7.5,12,0.959,0.00
mixed_r3,montague_flow_reliability_annual,0.06,12,0.868,0.11
mixed_r3,montague_flow_deficit_p99_pct,7.5,9,0.843,0.19
mixed_r3,trenton_flow_reliability_annual,0.06,4,0.719,0.33
mixed_r3,downstream_flood_exceedance_annual,0.5,2,0.913,0.07
mixed_r3,nyc_storage_min_p01_pct,7.5,6,0.940,0.27
mixed_r3,nj_delivery_reliability_annual,0.06,14,0.912,0.00
mixed_r2f,nyc_delivery_reliability_annual,0.04,13,0.996,0.00
mixed_r2f,nyc_delivery_deficit_p99_pct,7.5,12,0.959,0.00
mixed_r2f,montague_flow_reliability_annual,0.04,19,0.961,0.17
mixed_r2f,montague_flow_deficit_p99_pct,7.5,9,0.861,0.01
mixed_r2f,trenton_flow_reliability_annual,0.04,7,0.955,0.00
mixed_r2f,downstream_flood_exceedance_annual,0.5,2,0.909,0.07
mixed_r2f,nyc_storage_min_p01_pct,5,8,0.940,0.40
mixed_r2f,nj_delivery_reliability_annual,0.04,19,0.912,0.00
mixed_r2fs,nyc_delivery_reliability_annual,0.04,13,0.993,0.03
mixed_r2fs,nyc_delivery_deficit_p99_pct,7.5,12,0.959,0.00
mixed_r2fs,montague_flow_reliability_annual,0.04,17,0.868,0.17
mixed_r2fs,montague_flow_deficit_p99_pct,7.5,9,0.843,0.19
mixed_r2fs,trenton_flow_reliability_annual,0.04,6,0.801,0.00
mixed_r2fs,downstream_flood_exceedance_annual,0.5,2,0.908,0.07
mixed_r2fs,nyc_storage_min_p01_pct,7.5,6,0.940,0.27
mixed_r2fs,nj_delivery_reliability_annual,0.04,19,0.912,0.00
mixed_r2.5f,nyc_delivery_reliability_annual,0.05,10,0.991,0.02
mixed_r2.5f,nyc_delivery_deficit_p99_pct,7.5,12,0.957,0.02
mixed_r2.5f,montague_flow_reliability_annual,0.05,15,0.961,0.13
mixed_r2.5f,montague_flow_deficit_p99_pct,7.5,9,0.861,0.01
mixed_r2.5f,trenton_flow_reliability_annual,0.05,5,0.873,0.40
mixed_r2.5f,downstream_flood_exceedance_annual,0.5,2,0.909,0.07
mixed_r2.5f,nyc_storage_min_p01_pct,5,8,0.940,0.40
mixed_r2.5f,nj_delivery_reliability_annual,0.05,16,0.929,0.00
keepf_a,nyc_delivery_reliability_annual,0.05,11,0.998,0.02
keepf_a,nyc_delivery_deficit_p99_pct,10,9,0.959,0.00
keepf_a,montague_flow_reliability_annual,0.05,14,0.876,0.22
keepf_a,montague_flow_deficit_p99_pct,10,7,0.846,0.12
keepf_a,trenton_flow_reliability_annual,0.05,5,0.679,0.53
keepf_a,downstream_flood_exceedance_annual,0.3,2,0.814,0.27
keepf_a,nyc_storage_min_p01_pct,5,8,0.979,0.14
keepf_a,nj_delivery_reliability_annual,0.05,13,0.791,0.00
keepf_b,nyc_delivery_reliability_annual,0.06,9,0.998,0.00
keepf_b,nyc_delivery_deficit_p99_pct,7.5,11,0.922,0.00
keepf_b,montague_flow_reliability_annual,0.06,12,0.847,0.19
keepf_b,montague_flow_deficit_p99_pct,7.5,8,0.791,0.09
keepf_b,trenton_flow_reliability_annual,0.06,4,0.760,0.44
keepf_b,downstream_flood_exceedance_annual,0.3,2,0.813,0.27
keepf_b,nyc_storage_min_p01_pct,5,8,0.979,0.14
keepf_b,nj_delivery_reliability_annual,0.06,13,0.853,0.00
keepf_c,nyc_delivery_reliability_annual,0.05,10,0.996,0.02
keepf_c,nyc_delivery_deficit_p99_pct,7.5,12,0.958,0.01
keepf_c,montague_flow_reliability_annual,0.05,14,0.853,0.13
keepf_c,montague_flow_deficit_p99_pct,7.5,9,0.861,0.01
keepf_c,trenton_flow_reliability_annual,0.05,5,0.787,0.40
keepf_c,downstream_flood_exceedance_annual,0.3,2,0.858,0.20
keepf_c,nyc_storage_min_p01_pct,5,8,0.979,0.14
keepf_c,nj_delivery_reliability_annual,0.05,13,0.791,0.00
keepf_d,nyc_delivery_reliability_annual,0.06,9,0.993,0.04
keepf_d,nyc_delivery_deficit_p99_pct,10,9,0.922,0.00
keepf_d,montague_flow_reliability_annual,0.06,12,0.876,0.19
keepf_d,montague_flow_deficit_p99_pct,10,6,0.783,0.12
keepf_d,trenton_flow_reliability_annual,0.06,4,0.652,0.56
keepf_d,downstream_flood_exceedance_annual,0.3,2,0.807,0.29
keepf_d,nyc_storage_min_p01_pct,5,8,0.979,0.14
keepf_d,nj_delivery_reliability_annual,0.06,13,0.837,0.00
