water_year,candidate,obs,sim
2001,C1_days_minor,0.0,0.0
2001,C2_days_action,3.0,2.0
2001,C3_sum_ft,0.0,0.0
2001,C4_max_ft,0.0,0.0
2001,C5_norm_ft,0.0,0.0
2001,C6_flow_mg,0.0,0.0
2002,C1_days_minor,0.0,0.0
2002,C2_days_action,0.0,0.0
2002,C3_sum_ft,0.0,0.0
2002,C4_max_ft,0.0,0.0
2002,C5_norm_ft,0.0,0.0
2002,C6_flow_mg,0.0,0.0
2003,C1_days_minor,0.0,1.0
2003,C2_days_action,4.0,2.0
2003,C3_sum_ft,0.0,0.33882083501559634
2003,C4_max_ft,0.0,0.33882083501559634
2003,C5_norm_ft,0.0,0.08470520875389909
2003,C6_flow_mg,0.0,542.4053631681463
2004,C1_days_minor,2.0,0.0
2004,C2_days_action,3.0,2.0
2004,C3_sum_ft,4.03128709206675,0.0
2004,C4_max_ft,3.4166740290034294,0.0
2004,C5_norm_ft,0.8500558493796112,0.0
2004,C6_flow_mg,8870.395437668969,0.0
2005,C1_days_minor,2.0,2.0
2005,C2_days_action,7.0,6.0
2005,C3_sum_ft,13.90662173684902,5.138150799319462
2005,C4_max_ft,6.507565117193131,5.138150799319462
2005,C5_norm_ft,2.8553490543450777,1.2845376998298654
2005,C6_flow_mg,26442.462319016417,9317.632800614509
2006,C1_days_minor,4.0,2.0
2006,C2_days_action,5.0,3.0
2006,C3_sum_ft,18.05341546713005,8.166185510998874
2006,C4_max_ft,11.42116075324186,8.166185510998874
2006,C5_norm_ft,4.14972560261806,2.0415463777497185
2006,C6_flow_mg,43225.9749648307,16024.827660194562
2007,C1_days_minor,1.0,0.0
2007,C2_days_action,2.0,3.0
2007,C3_sum_ft,1.1664747563361928,0.0
2007,C4_max_ft,1.1664747563361928,0.0
2007,C5_norm_ft,0.19441245938936547,0.0
2007,C6_flow_mg,1158.9253963394904,0.0
2008,C1_days_minor,0.0,0.0
2008,C2_days_action,3.0,5.0
2008,C3_sum_ft,0.0,0.0
2008,C4_max_ft,0.0,0.0
2008,C5_norm_ft,0.0,0.0
2008,C6_flow_mg,0.0,0.0
2009,C1_days_minor,0.0,0.0
2009,C2_days_action,0.0,0.0
2009,C3_sum_ft,0.0,0.0
2009,C4_max_ft,0.0,0.0
2009,C5_norm_ft,0.0,0.0
2009,C6_flow_mg,0.0,0.0
2010,C1_days_minor,0.0,0.0
2010,C2_days_action,0.0,1.0
2010,C3_sum_ft,0.0,0.0
2010,C4_max_ft,0.0,0.0
2010,C5_norm_ft,0.0,0.0
2010,C6_flow_mg,0.0,0.0
2011,C1_days_minor,4.0,4.0
2011,C2_days_action,9.0,9.0
2011,C3_sum_ft,6.402519703658278,7.83439871966041
2011,C4_max_ft,5.621463541128387,7.83439871966041
2011,C5_norm_ft,1.4375950998466092,1.908875248143061
2011,C6_flow_mg,10631.626930392182,13703.105100097513
2012,C1_days_minor,0.0,0.0
2012,C2_days_action,0.0,0.0
2012,C3_sum_ft,0.0,0.0
2012,C4_max_ft,0.0,0.0
2012,C5_norm_ft,0.0,0.0
2012,C6_flow_mg,0.0,0.0
2013,C1_days_minor,0.0,0.0
2013,C2_days_action,0.0,0.0
2013,C3_sum_ft,0.0,0.0
2013,C4_max_ft,0.0,0.0
2013,C5_norm_ft,0.0,0.0
2013,C6_flow_mg,0.0,0.0
2014,C1_days_minor,0.0,0.0
2014,C2_days_action,0.0,3.0
2014,C3_sum_ft,0.0,0.0
2014,C4_max_ft,0.0,0.0
2014,C5_norm_ft,0.0,0.0
2014,C6_flow_mg,0.0,0.0
2015,C1_days_minor,0.0,0.0
2015,C2_days_action,0.0,1.0
2015,C3_sum_ft,0.0,0.0
2015,C4_max_ft,0.0,0.0
2015,C5_norm_ft,0.0,0.0
2015,C6_flow_mg,0.0,0.0
2016,C1_days_minor,0.0,0.0
2016,C2_days_action,0.0,0.0
2016,C3_sum_ft,0.0,0.0
2016,C4_max_ft,0.0,0.0
2016,C5_norm_ft,0.0,0.0
2016,C6_flow_mg,0.0,0.0
2017,C1_days_minor,0.0,0.0
2017,C2_days_action,0.0,3.0
2017,C3_sum_ft,0.0,0.0
2017,C4_max_ft,0.0,0.0
2017,C5_norm_ft,0.0,0.0
2017,C6_flow_mg,0.0,0.0
2018,C1_days_minor,0.0,0.0
2018,C2_days_action,0.0,0.0
2018,C3_sum_ft,0.0,0.0
2018,C4_max_ft,0.0,0.0
2018,C5_norm_ft,0.0,0.0
2018,C6_flow_mg,0.0,0.0
2019,C1_days_minor,0.0,0.0
2019,C2_days_action,0.0,1.0
2019,C3_sum_ft,0.0,0.0
2019,C4_max_ft,0.0,0.0
2019,C5_norm_ft,0.0,0.0
2019,C6_flow_mg,0.0,0.0
2020,C1_days_minor,0.0,0.0
2020,C2_days_action,0.0,0.0
2020,C3_sum_ft,0.0,0.0
2020,C4_max_ft,0.0,0.0
2020,C5_norm_ft,0.0,0.0
2020,C6_flow_mg,0.0,0.0
2021,C1_days_minor,0.0,0.0
2021,C2_days_action,1.0,0.0
2021,C3_sum_ft,0.0,0.0
2021,C4_max_ft,0.0,0.0
2021,C5_norm_ft,0.0,0.0
2021,C6_flow_mg,0.0,0.0
2022,C1_days_minor,0.0,1.0
2022,C2_days_action,2.0,2.0
2022,C3_sum_ft,0.0,1.4710680121725552
2022,C4_max_ft,0.0,1.4710680121725552
2022,C5_norm_ft,0.0,0.3677670030431388
2022,C6_flow_mg,0.0,2494.0586681125396
2023,C1_days_minor,0.0,0.0
2023,C2_days_action,0.0,1.0
2023,C3_sum_ft,0.0,0.0
2023,C4_max_ft,0.0,0.0
2023,C5_norm_ft,0.0,0.0
2023,C6_flow_mg,0.0,0.0
