selector,seed,axis,ks_to_uniform,star_1d,max_gap,tail_share_p90
lhs_nn,0,drought_deficit_volume,0.21828316046691254,0.12724637759230445,0.11046367513090782,0.2
lhs_nn,0,drought_duration,0.23227602430895888,0.141582715827199,0.07861203685551832,0.13
lhs_nn,0,drought_peak_depth,0.17951119785946107,0.09315024966954709,0.08125622382957458,0.31
lhs_nn,0,drought_onset_rate,0.3182316933494247,0.20430324014288936,0.07946981465068048,0.36
lhs_nn,0,drought_recovery_rate,0.3526363223057179,0.22439207501062658,0.09881365278929832,0.24
lhs_nn,0,flood_peak_magnitude,0.13252532286534413,0.08292353393003354,0.12945702768819656,0.31
lhs_nn,0,flood_pulse_duration,0.21666666666666673,0.12533658388219557,0.11111111111111116,0.25
lhs_nn,0,flood_rise_rate,0.2650774110307008,0.1474414168184008,0.058417581671730834,0.21
lhs_nn,1,drought_deficit_volume,0.22822682335603484,0.12523314242325134,0.12094393253505997,0.21
lhs_nn,1,drought_duration,0.22425602822975876,0.12308674732857662,0.19623603215055863,0.15
lhs_nn,1,drought_peak_depth,0.1237362821404153,0.07510981820600797,0.07220806550050872,0.32
lhs_nn,1,drought_onset_rate,0.285152307028806,0.19230073810731574,0.0725605463267407,0.37
lhs_nn,1,drought_recovery_rate,0.262745732639936,0.18541475956835524,0.17707204332514825,0.29
lhs_nn,1,flood_peak_magnitude,0.15343269455655983,0.09349410677715288,0.1125685217648027,0.26
lhs_nn,1,flood_pulse_duration,0.19999999999999996,0.11303337210698677,0.05555555555555558,0.28
lhs_nn,1,flood_rise_rate,0.26264251250992665,0.1578841869303056,0.055775236357961666,0.2
lhs_nn,2,drought_deficit_volume,0.20108226051537037,0.13226811324677173,0.12094393253505997,0.24
lhs_nn,2,drought_duration,0.2150480297980787,0.13035299707152204,0.1568319937267203,0.15
lhs_nn,2,drought_peak_depth,0.15687504290781995,0.08855788802188341,0.10155454972257005,0.27
lhs_nn,2,drought_onset_rate,0.2899304788739568,0.18139941254216593,0.05231680809698114,0.42
lhs_nn,2,drought_recovery_rate,0.27263632230571794,0.18627336372398476,0.07655718487188767,0.3
lhs_nn,2,flood_peak_magnitude,0.15069273608334566,0.09085920615409743,0.068898329994723,0.28
lhs_nn,2,flood_pulse_duration,0.2155555555555556,0.12274635093014467,0.05555555555555558,0.27
lhs_nn,2,flood_rise_rate,0.2661652197077157,0.15182780396950196,0.07035511141498185,0.17
lhs_nn,3,drought_deficit_volume,0.20828316046691253,0.11658639604416067,0.12094393253505997,0.2
lhs_nn,3,drought_duration,0.20504802979807868,0.11716199435649768,0.1176239952950403,0.17
lhs_nn,3,drought_peak_depth,0.145541417473434,0.07727338550228734,0.06146311296973306,0.3
lhs_nn,3,drought_onset_rate,0.3145795642386046,0.19168083928872326,0.09866847172903614,0.39
lhs_nn,3,drought_recovery_rate,0.29325252290830683,0.1864638875857562,0.06737546828835383,0.28
lhs_nn,3,flood_peak_magnitude,0.14343269455655983,0.09443134542211679,0.11084778563477682,0.27
lhs_nn,3,flood_pulse_duration,0.2155555555555556,0.11627181860824826,0.05555555555555558,0.27
lhs_nn,3,flood_rise_rate,0.31228551435631,0.17980803532800124,0.06241802177012756,0.14
lhs_nn,4,drought_deficit_volume,0.2682831604669126,0.14953646832876744,0.13333387180791256,0.15
lhs_nn,4,drought_duration,0.19504802979807867,0.11551488879412274,0.1176239952950402,0.19
lhs_nn,4,drought_peak_depth,0.15730104734365202,0.08502227491988883,0.09863637448163542,0.3
lhs_nn,4,drought_onset_rate,0.33643773099951774,0.20645417885322795,0.07713819078830997,0.38
lhs_nn,4,drought_recovery_rate,0.28367910552486725,0.1819628362444643,0.07672545645685336,0.3
lhs_nn,4,flood_peak_magnitude,0.16971605278947,0.0989088896487639,0.13013552786561178,0.28
lhs_nn,4,flood_pulse_duration,0.1955555555555556,0.09913514905308948,0.05555555555555558,0.3
lhs_nn,4,flood_rise_rate,0.23856387696798476,0.14640823977897813,0.08325917316673193,0.22
lhs_nn,5,drought_deficit_volume,0.22828316046691255,0.14061921691588597,0.12094393253505997,0.18
lhs_nn,5,drought_duration,0.2618800235247989,0.15406696593100938,0.1764359929425603,0.12
lhs_nn,5,drought_peak_depth,0.11834500337424746,0.06529845164536051,0.07220806550050872,0.32
lhs_nn,5,drought_onset_rate,0.3245795642386046,0.20551413539968355,0.0662508275053374,0.34
lhs_nn,5,drought_recovery_rate,0.3068549849917169,0.20888693047910492,0.07025775319567207,0.24
lhs_nn,5,flood_peak_magnitude,0.1606824379570937,0.07911955298372438,0.1125685217648027,0.37
lhs_nn,5,flood_pulse_duration,0.1955555555555556,0.0971094584146185,0.05555555555555558,0.3
lhs_nn,5,flood_rise_rate,0.27228551435631,0.1598715628863451,0.07921215026882465,0.17
lhs_nn,6,drought_deficit_volume,0.23407806871314274,0.13652882833142668,0.12409464285896787,0.19
lhs_nn,6,drought_duration,0.24386002744559887,0.13920372245706186,0.1960399921584004,0.13
lhs_nn,6,drought_peak_depth,0.16208608860834534,0.09171642712912817,0.07798237216435702,0.29
lhs_nn,6,drought_onset_rate,0.3284789796710412,0.20820099735265835,0.08907807913049243,0.35
lhs_nn,6,drought_recovery_rate,0.3057610404622084,0.20074539323013418,0.09583559325447033,0.25
lhs_nn,6,flood_peak_magnitude,0.13307680824270937,0.07737812704249084,0.07970213440333365,0.32
lhs_nn,6,flood_pulse_duration,0.2055555555555556,0.1123404218007501,0.11111111111111116,0.26
lhs_nn,6,flood_rise_rate,0.25067837537720167,0.14095775055113371,0.08318109415490982,0.22
lhs_nn,7,drought_deficit_volume,0.19727044796341542,0.121706461602364,0.10400898956399152,0.23
lhs_nn,7,drought_duration,0.21108802195647902,0.12295234056323694,0.0784159968633601,0.18
lhs_nn,7,drought_peak_depth,0.18211731940163078,0.09242607488589806,0.08224001034595918,0.28
lhs_nn,7,drought_onset_rate,0.32771752668886867,0.2170441831716876,0.11945405556709532,0.34
lhs_nn,7,drought_recovery_rate,0.2825498020153473,0.1837266434298241,0.07284725854643415,0.31
lhs_nn,7,flood_peak_magnitude,0.11275773877551376,0.07078974953169923,0.08224483397226401,0.32
lhs_nn,7,flood_pulse_duration,0.24555555555555553,0.1270389266677304,0.05555555555555558,0.25
lhs_nn,7,flood_rise_rate,0.2410955753461887,0.13595153027042226,0.07724793193740676,0.2
lhs_nn,8,drought_deficit_volume,0.22407806871314273,0.13125940137922462,0.12094393253505997,0.22
lhs_nn,8,drought_duration,0.24108802195647905,0.13629280491174162,0.1764359929425604,0.13
lhs_nn,8,drought_peak_depth,0.17211731940163078,0.09623839935896021,0.11430515372066347,0.28
lhs_nn,8,drought_onset_rate,0.31153568094857675,0.189215103972926,0.09152182946343246,0.37
lhs_nn,8,drought_recovery_rate,0.30075861750098337,0.19582071920628,0.06905662755831932,0.3
lhs_nn,8,flood_peak_magnitude,0.15367149087111098,0.08084405474249758,0.1729592488521986,0.31
lhs_nn,8,flood_pulse_duration,0.20111111111111107,0.11658727457399572,0.05555555555555558,0.29
lhs_nn,8,flood_rise_rate,0.2511421323659266,0.13482418795057038,0.08325917316673193,0.25
lhs_nn,9,drought_deficit_volume,0.22407806871314273,0.1285904342912249,0.14988861576230517,0.22
lhs_nn,9,drought_duration,0.22188002352479896,0.13157704429861833,0.1372279945108803,0.16
lhs_nn,9,drought_peak_depth,0.14475979132340355,0.07430789553330752,0.09518414876687391,0.31
lhs_nn,9,drought_onset_rate,0.29551392354147316,0.19211772892086895,0.07546635341667174,0.36
lhs_nn,9,drought_recovery_rate,0.29011243295184685,0.19326165737461357,0.09206603688323411,0.29
lhs_nn,9,flood_peak_magnitude,0.11977146518544535,0.07349884834529315,0.13013552786561178,0.3
lhs_nn,9,flood_pulse_duration,0.2055555555555556,0.12025179344675291,0.11111111111111116,0.26
lhs_nn,9,flood_rise_rate,0.25680355488747075,0.16439951085698523,0.08325917316673193,0.17
random,0,drought_deficit_volume,0.2809525061448374,0.1727259070650387,0.1412579115972874,0.16
random,0,drought_duration,0.2591080180356792,0.14564599924886443,0.0784159968633601,0.14
random,0,drought_peak_depth,0.28953914693357585,0.16251665953258213,0.1434549490864111,0.13
random,0,drought_onset_rate,0.5265638674471235,0.35186879836574236,0.17491665333686313,0.14
random,0,drought_recovery_rate,0.5290432800888742,0.35370039065544306,0.25013510459006527,0.06
random,0,flood_peak_magnitude,0.411036992020986,0.24101593308942754,0.19299190943706424,0.07
random,0,flood_pulse_duration,0.4622222222222222,0.2906527349702394,0.11111111111111116,0.1
random,0,flood_rise_rate,0.3761774872597454,0.2319560192451574,0.19183771490813362,0.09
random,1,drought_deficit_volume,0.2977525379345898,0.19393425835555922,0.2543363938067307,0.11
random,1,drought_duration,0.25306802587727883,0.16665579887002482,0.07861203685551832,0.1
random,1,drought_peak_depth,0.33544182981791093,0.18184090251747906,0.22367082808007077,0.11
random,1,drought_onset_rate,0.5467089133842592,0.35564898396114314,0.17966706836075597,0.11
random,1,drought_recovery_rate,0.4984787659732639,0.32833417613145455,0.22727874546499627,0.09
random,1,flood_peak_magnitude,0.3849556378860459,0.22114054761547997,0.12520259453991833,0.09
random,1,flood_pulse_duration,0.5011111111111111,0.31233193011266563,0.2222222222222222,0.07
random,1,flood_rise_rate,0.3023571725719898,0.19632071289457814,0.10998412044034234,0.12
random,2,drought_deficit_volume,0.3475020392838031,0.19836279998883638,0.22119227281162002,0.08
random,2,drought_duration,0.311088021956479,0.1633903442284347,0.0980199960792002,0.08
random,2,drought_peak_depth,0.3414139076514966,0.20045248954424072,0.25190144040797113,0.08
random,2,drought_onset_rate,0.5825430592288059,0.3905563788602716,0.16867398101563924,0.08
random,2,drought_recovery_rate,0.5188869863863608,0.3383703405394789,0.12610484203713934,0.09
random,2,flood_peak_magnitude,0.3467147179754332,0.1955421671227982,0.16223385639528443,0.1
random,2,flood_pulse_duration,0.43333333333333335,0.2840655027921288,0.11111111111111116,0.09
random,2,flood_rise_rate,0.3611776984672024,0.21199750552781918,0.1523611067995312,0.08
random,3,drought_deficit_volume,0.30417478676778176,0.17632528762824431,0.23342744171945318,0.13
random,3,drought_duration,0.26029602038815913,0.14790251262528797,0.05881199764752021,0.17
random,3,drought_peak_depth,0.2734244766186029,0.14549684364475013,0.07656714147825183,0.15
random,3,drought_onset_rate,0.5737685331357876,0.36582962245445566,0.13755299866551585,0.13
random,3,drought_recovery_rate,0.4674227256699121,0.3116632057289256,0.19608524169236707,0.14
random,3,flood_peak_magnitude,0.3834851183872655,0.2314077056833109,0.25339262331550905,0.08
random,3,flood_pulse_duration,0.4466666666666667,0.29625752061090416,0.11111111111111116,0.09
random,3,flood_rise_rate,0.3326561055451793,0.2147418992499254,0.15849132640463326,0.12
random,4,drought_deficit_volume,0.3248637908383331,0.19376579034007546,0.17975720765206116,0.11
random,4,drought_duration,0.311088021956479,0.18492734822168988,0.0784159968633601,0.1
random,4,drought_peak_depth,0.2525660654016858,0.14190804371957405,0.10017933098225107,0.19
random,4,drought_onset_rate,0.6134439291139744,0.39770282681861974,0.2655375545234405,0.11
random,4,drought_recovery_rate,0.516995970205385,0.32918801647203666,0.4168513833631954,0.09
random,4,flood_peak_magnitude,0.4333206246885077,0.25582159531814086,0.2845116447084586,0.06
random,4,flood_pulse_duration,0.4177777777777778,0.2864372466986404,0.11111111111111105,0.09
random,4,flood_rise_rate,0.41838670942272943,0.25308087906990956,0.2536531724886736,0.04
random,5,drought_deficit_volume,0.32912962721727834,0.19169932049778143,0.15238619228568873,0.08
random,5,drought_duration,0.28029602038815915,0.15665708038297366,0.0784159968633601,0.12
random,5,drought_peak_depth,0.34693158531514845,0.19493247615353118,0.17352408453874368,0.08
random,5,drought_onset_rate,0.5913016845131249,0.39093215123426284,0.20519466971060774,0.06
random,5,drought_recovery_rate,0.515590893189145,0.3484805765725467,0.28649782191822804,0.08
random,5,flood_peak_magnitude,0.3728638794014942,0.21683034562992107,0.24814691091352725,0.06
random,5,flood_pulse_duration,0.4655555555555556,0.31728108035402736,0.2222222222222222,0.04
random,5,flood_rise_rate,0.3526376622726105,0.22947900375139277,0.1512444756874366,0.07
random,6,drought_deficit_volume,0.2667071806862982,0.1730268906321066,0.1352996234509456,0.15
random,6,drought_duration,0.22990001960399908,0.14008664954064343,0.0588119976475201,0.16
random,6,drought_peak_depth,0.30215150963516113,0.17110144239977448,0.1339895424810661,0.1
random,6,drought_onset_rate,0.6208674399358118,0.40615884945716574,0.21166192084259194,0.06
random,6,drought_recovery_rate,0.5118005995931483,0.34807602385294295,0.26977187526138235,0.07
random,6,flood_peak_magnitude,0.34269090999739915,0.2058968102685744,0.19083680805779724,0.1
random,6,flood_pulse_duration,0.4922222222222222,0.3161906753999527,0.16666666666666663,0.07
random,6,flood_rise_rate,0.3300727974779923,0.20143878103453283,0.16708197018329396,0.12
random,7,drought_deficit_volume,0.32414928104239815,0.1976610530882839,0.20532429601750746,0.11
random,7,drought_duration,0.27990001960399913,0.15734683597001511,0.0980199960792002,0.13
random,7,drought_peak_depth,0.3358483716197651,0.1885463220267594,0.13245083511663835,0.08
random,7,drought_onset_rate,0.5767680046362895,0.38252541173612,0.23077687945967895,0.14
random,7,drought_recovery_rate,0.5208395876514011,0.34407308067409803,0.2163617887692586,0.08
random,7,flood_peak_magnitude,0.33442291581202643,0.20318883091784687,0.21727852187907304,0.12
random,7,flood_pulse_duration,0.4755555555555556,0.31591724185885395,0.2777777777777778,0.06
random,7,flood_rise_rate,0.29911217910213006,0.1858798409205609,0.2305028056137408,0.13
random,8,drought_deficit_volume,0.31660730638243717,0.1869801807326618,0.11070412638491689,0.09
random,8,drought_duration,0.27029602038815914,0.15710045199000433,0.1176239952950402,0.11
random,8,drought_peak_depth,0.33085921721654665,0.1806878101484491,0.20039213609287565,0.11
random,8,drought_onset_rate,0.5179869709548228,0.3498142615758179,0.1562396209713588,0.16
random,8,drought_recovery_rate,0.4385759121504209,0.2956645066351011,0.09565522575869734,0.15
random,8,flood_peak_magnitude,0.3432575083375297,0.1941502490899952,0.1095755526810791,0.15
random,8,flood_pulse_duration,0.4355555555555556,0.29113549516197995,0.16666666666666663,0.08
random,8,flood_rise_rate,0.340413068480825,0.21284883744424013,0.1476752819627022,0.11
random,9,drought_deficit_volume,0.3316493964692211,0.19628673986915418,0.12094393253505997,0.08
random,9,drought_duration,0.301088021956479,0.16594702698526356,0.2548519898059205,0.09
random,9,drought_peak_depth,0.33499172788607867,0.1869190735314774,0.11159994829024178,0.09
random,9,drought_onset_rate,0.5929658387949611,0.3917749936259267,0.2261033361986654,0.08
random,9,drought_recovery_rate,0.5507586175009833,0.3641045918547735,0.21918242913676333,0.05
random,9,flood_peak_magnitude,0.2950717049611995,0.17797848778236283,0.17899223322808178,0.12
random,9,flood_pulse_duration,0.43111111111111106,0.27663208172946413,0.11111111111111116,0.12
random,9,flood_rise_rate,0.2749385870461338,0.1793554406166069,0.0974793151611768,0.17
random,10,drought_deficit_volume,0.3587892053962628,0.2103361884627934,0.0754060506147195,0.11
random,10,drought_duration,0.30990001960399916,0.18970396452243718,0.07861203685551832,0.12
random,10,drought_peak_depth,0.30855613510230095,0.18933648937909203,0.1973705776617828,0.1
random,10,drought_onset_rate,0.6025829166824226,0.39954147338931045,0.25707514114550134,0.09
random,10,drought_recovery_rate,0.4561292461469173,0.3255964230135593,0.24359269030179254,0.11
random,10,flood_peak_magnitude,0.3286597287234042,0.1853445187737556,0.11823530374842406,0.1
random,10,flood_pulse_duration,0.4033333333333333,0.2620844741775794,0.11111111111111116,0.16
random,10,flood_rise_rate,0.3152119460573538,0.1854516039422019,0.1709085460530384,0.12
random,11,drought_deficit_volume,0.27870235356815404,0.17570274313457296,0.09237163124407854,0.16
random,11,drought_duration,0.24188002352479887,0.14008621333587878,0.058811997647520105,0.16
random,11,drought_peak_depth,0.3423225713720317,0.19370565873389162,0.22511982970863298,0.06
random,11,drought_onset_rate,0.5912447197111159,0.3878036834843528,0.2979844884421353,0.07
random,11,drought_recovery_rate,0.5005857764776152,0.33906947784881,0.13718848693955354,0.1
random,11,flood_peak_magnitude,0.31474974069627926,0.18247313895173572,0.09514078928615322,0.12
random,11,flood_pulse_duration,0.4177777777777778,0.2828798113233284,0.16666666666666663,0.07
random,11,flood_rise_rate,0.3242369823121972,0.1987368615842189,0.11968398228839405,0.14
random,12,drought_deficit_volume,0.33967623665788094,0.2055716466505464,0.1749457841547789,0.09
random,12,drought_duration,0.2987120172515192,0.18190946410118047,0.1176239952950403,0.1
random,12,drought_peak_depth,0.32085921721654664,0.18636053873185354,0.2609529156777274,0.11
random,12,drought_onset_rate,0.5372206035105587,0.37351342737058485,0.2149843715552242,0.12
random,12,drought_recovery_rate,0.4208395876514011,0.27957967897186964,0.19608524169236707,0.16
random,12,flood_peak_magnitude,0.3664082363409671,0.2142630821285973,0.210996830309234,0.07
random,12,flood_pulse_duration,0.42333333333333334,0.2651926855963947,0.11111111111111116,0.14
random,12,flood_rise_rate,0.350413068480825,0.2229976368087076,0.21288035074910194,0.09
random,13,drought_deficit_volume,0.39207258476018336,0.24376399347725258,0.11192128472695573,0.06
random,13,drought_duration,0.33910801803567925,0.21374603846018625,0.1372279945108803,0.08
random,13,drought_peak_depth,0.34336854071043443,0.2008450141861562,0.24027983454153212,0.07
random,13,drought_onset_rate,0.5962212263273772,0.40069309336716025,0.30453633073533426,0.09
random,13,drought_recovery_rate,0.5325650869471666,0.3475201372976797,0.242187172581787,0.07
random,13,flood_peak_magnitude,0.33323209532334774,0.18784581869760686,0.10311999468875976,0.12
random,13,flood_pulse_duration,0.43111111111111106,0.27525745524266304,0.2222222222222222,0.07
random,13,flood_rise_rate,0.3568230889185017,0.21309267283031175,0.2890356625671011,0.06
random,14,drought_deficit_volume,0.3258317931328252,0.21219108684465599,0.08990219119800724,0.11
random,14,drought_duration,0.2891080180356792,0.1827762383068556,0.0784159968633602,0.07
random,14,drought_peak_depth,0.354105434501954,0.19336664512085774,0.25075272639828494,0.07
random,14,drought_onset_rate,0.5529658387949612,0.3558853836145645,0.18815855234000844,0.14
random,14,drought_recovery_rate,0.5433506095220134,0.3429985226826516,0.2202520336200503,0.07
random,14,flood_peak_magnitude,0.353026194836737,0.19142991645465463,0.1729592488521986,0.14
random,14,flood_pulse_duration,0.39555555555555555,0.25028378954427494,0.11111111111111116,0.11
random,14,flood_rise_rate,0.3344622217641686,0.21900893837490734,0.16708197018329396,0.1
random,15,drought_deficit_volume,0.3254639477872294,0.19252036897323177,0.1412579115972874,0.15
random,15,drought_duration,0.320692021172319,0.17681193186482214,0.11782003528719842,0.08
random,15,drought_peak_depth,0.31426113796397626,0.17235655073335182,0.11330658267774629,0.12
random,15,drought_onset_rate,0.6114501025297633,0.3949551481693201,0.19260066002149379,0.1
random,15,drought_recovery_rate,0.547946228313964,0.35433314128890836,0.3209525657363488,0.07
random,15,flood_peak_magnitude,0.38540505053416735,0.2171142707220452,0.15475699861472236,0.08
random,15,flood_pulse_duration,0.4355555555555556,0.2758689973587184,0.11111111111111116,0.1
random,15,flood_rise_rate,0.36962279288951594,0.23241038378361215,0.3198092664525932,0.06
random,16,drought_deficit_volume,0.4167071806862982,0.23559486459725532,0.1803530080643747,0.07
random,16,drought_duration,0.3891080180356792,0.22144218333438462,0.07861203685551832,0.08
random,16,drought_peak_depth,0.3144361295197054,0.17467954212272702,0.15038001633903253,0.18
random,16,drought_onset_rate,0.5451321021046116,0.36911816107770357,0.22655567622525408,0.12
random,16,drought_recovery_rate,0.4724882366743497,0.3200908850072219,0.16692304760760535,0.11
random,16,flood_peak_magnitude,0.42305658339054214,0.23549858527007286,0.21245002872965146,0.07
random,16,flood_pulse_duration,0.49777777777777776,0.33849704121835544,0.16666666666666663,0.05
random,16,flood_rise_rate,0.3899179997483698,0.21617637405668916,0.1832533424676387,0.07
random,17,drought_deficit_volume,0.3446710930880499,0.2145545612189309,0.08540650673843408,0.14
random,17,drought_duration,0.301088021956479,0.1877524514052347,0.0980199960792002,0.1
random,17,drought_peak_depth,0.30966773805566783,0.1850304917390276,0.1336711323315194,0.12
random,17,drought_onset_rate,0.5167680046362895,0.3522457197658666,0.2754564710361149,0.18
random,17,drought_recovery_rate,0.49214812076682196,0.3338405166475347,0.21374380251692893,0.1
random,17,flood_peak_magnitude,0.3538297298907639,0.21704745400213862,0.12029053721720095,0.08
random,17,flood_pulse_duration,0.42111111111111116,0.28816361950277297,0.16666666666666663,0.12
random,17,flood_rise_rate,0.37051949436064524,0.2276345689727898,0.11890199367686172,0.09
random,18,drought_deficit_volume,0.30508199974880756,0.18790249955347554,0.160159779656749,0.15
random,18,drought_duration,0.28069202117231906,0.1647696895858948,0.07861203685551832,0.13
random,18,drought_peak_depth,0.31758916606698784,0.18183012315137595,0.20571972887175427,0.09
random,18,drought_onset_rate,0.6124852232453715,0.39354896124027333,0.20134713438678625,0.06
random,18,drought_recovery_rate,0.5709124972004348,0.3663191402083992,0.20495705038680756,0.06
random,18,flood_peak_magnitude,0.41825436666753363,0.23837515156744118,0.14080208248128512,0.06
random,18,flood_pulse_duration,0.4255555555555556,0.28968586647361444,0.16666666666666663,0.07
random,18,flood_rise_rate,0.37646647118455245,0.2374681850586408,0.26419865540326604,0.07
random,19,drought_deficit_volume,0.280405197744095,0.17691023230370076,0.11955149575585788,0.15
random,19,drought_duration,0.310692021172319,0.15901234018113988,0.0784159968633602,0.13
random,19,drought_peak_depth,0.30156541752779087,0.16206336782604577,0.08032577406107733,0.11
random,19,drought_onset_rate,0.5814339714152097,0.3866408807519152,0.3032541868626266,0.1
random,19,drought_recovery_rate,0.47243925716511687,0.33309079038598,0.2461925639003495,0.11
random,19,flood_peak_magnitude,0.33477266594064936,0.20422556434335443,0.1125685217648027,0.1
random,19,flood_pulse_duration,0.42000000000000004,0.2709243436828838,0.11111111111111116,0.08
random,19,flood_rise_rate,0.3810955753461887,0.2295281975414809,0.12941969313800605,0.08
random,20,drought_deficit_volume,0.28990295315258036,0.1876772517826646,0.12665538494224626,0.14
random,20,drought_duration,0.23831601646735928,0.13828149173087692,0.0588119976475201,0.18
random,20,drought_peak_depth,0.3259167032170734,0.19376358310817623,0.1499207736029604,0.12
random,20,drought_onset_rate,0.6209877144796839,0.4030351993165385,0.18772515867804207,0.08
random,20,drought_recovery_rate,0.48086291589666835,0.32185783100406395,0.10532780848223222,0.1
random,20,flood_peak_magnitude,0.38495014909755637,0.22816774259282996,0.21034161259046935,0.06
random,20,flood_pulse_duration,0.4255555555555556,0.272532702760743,0.11111111111111116,0.11
random,20,flood_rise_rate,0.3861425766859875,0.22617457361599455,0.1512444756874366,0.05
random,21,drought_deficit_volume,0.422340464203882,0.25858739729939356,0.10566970273736587,0.09
random,21,drought_duration,0.3891080180356792,0.22783022675969775,0.1568319937267203,0.07
random,21,drought_peak_depth,0.31526054066443576,0.1925704461127638,0.14059225790631524,0.13
random,21,drought_onset_rate,0.5649202951070746,0.3804704744921653,0.17966706836075597,0.11
random,21,drought_recovery_rate,0.5009750157497475,0.3392797247395178,0.3312300878812954,0.12
random,21,flood_peak_magnitude,0.3560381023054889,0.20382748062448008,0.13013552786561178,0.11
random,21,flood_pulse_duration,0.4255555555555556,0.2775765938116892,0.16666666666666663,0.08
random,21,flood_rise_rate,0.3510149102736849,0.20931482824755615,0.13446412304168898,0.08
random,22,drought_deficit_volume,0.4211831706376065,0.244982749344591,0.20034855571066978,0.07
random,22,drought_duration,0.41029602038815915,0.23107509659218603,0.1568319937267203,0.05
random,22,drought_peak_depth,0.2931669791838176,0.17489242987236173,0.1053488313781521,0.15
random,22,drought_onset_rate,0.5791499184072186,0.36621045376944983,0.15703655914795916,0.1
random,22,drought_recovery_rate,0.5239081344189389,0.331865695257831,0.1112622056120085,0.11
random,22,flood_peak_magnitude,0.31514121792403793,0.18879617564680384,0.1252652827102383,0.1
random,22,flood_pulse_duration,0.4177777777777778,0.27311192477955026,0.11111111111111116,0.11
random,22,flood_rise_rate,0.2816706639292327,0.17952803857352048,0.10964749701574716,0.15
random,23,drought_deficit_volume,0.32137645512214885,0.20222417266364096,0.14320403803049464,0.1
random,23,drought_duration,0.2818800235247989,0.16234186971760983,0.09821603607135843,0.11
random,23,drought_peak_depth,0.34390946759936336,0.19748584544026465,0.1121737847815415,0.11
random,23,drought_onset_rate,0.6059294329479006,0.3762186034999513,0.13817210769822985,0.09
random,23,drought_recovery_rate,0.47409402931424244,0.32495427148318085,0.16610211565643918,0.1
random,23,flood_peak_magnitude,0.3808168544372491,0.2158227347674953,0.16570149886079655,0.13
random,23,flood_pulse_duration,0.4833333333333334,0.312564067506643,0.11111111111111116,0.09
random,23,flood_rise_rate,0.3461592050657743,0.21465278434353932,0.08439975015463352,0.1
random,24,drought_deficit_volume,0.3518436043116344,0.23031655754195493,0.18479163129961218,0.09
random,24,drought_duration,0.3402960203881591,0.2044647922797071,0.13742403450303842,0.07
random,24,drought_peak_depth,0.3548657721112289,0.21160232789079586,0.13586537889475558,0.06
random,24,drought_onset_rate,0.5671561553556883,0.3744388824055865,0.18631480302934167,0.08
random,24,drought_recovery_rate,0.49569533845806685,0.33705142888941775,0.2330740453426715,0.1
random,24,flood_peak_magnitude,0.29435100344442866,0.17486690549208417,0.0822021193840422,0.15
random,24,flood_pulse_duration,0.4066666666666667,0.26811642947250974,0.11111111111111116,0.11
random,24,flood_rise_rate,0.3578202846477622,0.21844691307598646,0.1571588533986713,0.1
random,25,drought_deficit_volume,0.35605113487283413,0.21548823978035658,0.17674794882155087,0.06
random,25,drought_duration,0.31029602038815907,0.18057342365021095,0.07861203685551832,0.1
random,25,drought_peak_depth,0.3399362431452194,0.19685699944209228,0.2962537761641266,0.08
random,25,drought_onset_rate,0.5649055474056535,0.36459842855464686,0.20946429004983025,0.08
random,25,drought_recovery_rate,0.5098646969235983,0.33916670530882315,0.1548927635604901,0.11
random,25,flood_peak_magnitude,0.2844229158120265,0.17515145104143678,0.06353488174886768,0.16
random,25,flood_pulse_duration,0.4255555555555556,0.2709459879663541,0.11111111111111116,0.08
random,25,flood_rise_rate,0.32321951409084404,0.19468512874939858,0.08699629900662575,0.16
random,26,drought_deficit_volume,0.3264879403592857,0.19390820075747625,0.14520522343469155,0.13
random,26,drought_duration,0.281088021956479,0.15679282659241597,0.1372279945108803,0.13
random,26,drought_peak_depth,0.3445281197752743,0.1993311791625026,0.1392142678807866,0.06
random,26,drought_onset_rate,0.5700904024112701,0.3712833527812833,0.16867398101563924,0.12
random,26,drought_recovery_rate,0.5149015411065314,0.3424555586457447,0.26904278266829984,0.1
random,26,flood_peak_magnitude,0.37094364269356217,0.21121046249961872,0.10962398260152761,0.07
random,26,flood_pulse_duration,0.4455555555555556,0.2984145347798964,0.16666666666666663,0.06
random,26,flood_rise_rate,0.35680355488747084,0.22148567213901116,0.2571046991202336,0.08
random,27,drought_deficit_volume,0.3640615139699507,0.2243882898434829,0.17972336714098158,0.07
random,27,drought_duration,0.31267202509311887,0.20426280311974293,0.1176239952950403,0.06
random,27,drought_peak_depth,0.3495391469335758,0.19820202464197592,0.2693142909772326,0.07
random,27,drought_onset_rate,0.5811326125990501,0.3787137547700164,0.21437073289998687,0.08
random,27,drought_recovery_rate,0.502157518549277,0.3324266813289279,0.1466834135145868,0.1
random,27,flood_peak_magnitude,0.3570572167793016,0.2018042441310272,0.24814691091352725,0.11
random,27,flood_pulse_duration,0.3977777777777778,0.26471624687205214,0.11111111111111105,0.12
random,27,flood_rise_rate,0.31981047836032506,0.20834947493892267,0.1512444756874366,0.09
random,28,drought_deficit_volume,0.29560798890572193,0.19628508455616944,0.08185745925885102,0.14
random,28,drought_duration,0.25148402274063897,0.15827573723876515,0.11782003528719842,0.13
random,28,drought_peak_depth,0.3195485359785452,0.190307493694497,0.1935003315221393,0.09
random,28,drought_onset_rate,0.6092166660834974,0.393785333656971,0.24684457934272153,0.07
random,28,drought_recovery_rate,0.48776820247682756,0.3290370921083933,0.14022272683478798,0.13
random,28,flood_peak_magnitude,0.36280607135483023,0.2213166522158418,0.2485135344355317,0.1
random,28,flood_pulse_duration,0.44777777777777783,0.277683317272318,0.11111111111111116,0.13
random,28,flood_rise_rate,0.3632570598563123,0.22160670017980186,0.19003895706074392,0.1
random,29,drought_deficit_volume,0.32971433349789103,0.19974924252742582,0.18479163129961218,0.08
random,29,drought_duration,0.2699000196039991,0.1586894723870291,0.0980199960792002,0.13
random,29,drought_peak_depth,0.2890583090172561,0.16891338152171187,0.1312779252935452,0.14
random,29,drought_onset_rate,0.5448715282152046,0.36572219814814,0.1030898429736764,0.12
random,29,drought_recovery_rate,0.4636791055248673,0.3012906207309772,0.12186721332489137,0.16
random,29,flood_peak_magnitude,0.3649379520852609,0.2112117810997634,0.18369113873943355,0.08
random,29,flood_pulse_duration,0.4366666666666667,0.2904339027246161,0.11111111111111116,0.08
random,29,flood_rise_rate,0.3527637330123916,0.21938133669498425,0.18165721806909563,0.1
random,30,drought_deficit_volume,0.33012663442451096,0.1999544758762381,0.1770650806812426,0.13
random,30,drought_duration,0.291484022740639,0.17500618495419398,0.1372279945108802,0.09
random,30,drought_peak_depth,0.2857249876796699,0.15832444892067074,0.1152912366947546,0.13
random,30,drought_onset_rate,0.5888708082069152,0.371777707159916,0.1819525121033989,0.1
random,30,drought_recovery_rate,0.4427860753300791,0.3105200953196971,0.14698320965252543,0.14
random,30,flood_peak_magnitude,0.352086868470363,0.20185986913476767,0.11084778563477682,0.14
random,30,flood_pulse_duration,0.4033333333333333,0.27982688652049387,0.11111111111111105,0.11
random,30,flood_rise_rate,0.3268804488382224,0.20002210655143068,0.10377665165237338,0.1
random,31,drought_deficit_volume,0.37030510472207473,0.22879234950682298,0.15463297041285207,0.09
random,31,drought_duration,0.34871201725151924,0.19454568530169522,0.07861203685551832,0.12
random,31,drought_peak_depth,0.31782313972017784,0.1873007623506996,0.1604550690934663,0.11
random,31,drought_onset_rate,0.6233404113391738,0.3976953411151263,0.2941747202528654,0.07
random,31,drought_recovery_rate,0.5290432800888742,0.3368496423493108,0.15187614429952734,0.11
random,31,flood_peak_magnitude,0.36115133227167656,0.2089863333144112,0.10670429009309135,0.12
random,31,flood_pulse_duration,0.4066666666666667,0.2527185522803328,0.11111111111111116,0.16
random,31,flood_rise_rate,0.3935000765061136,0.2414433111940115,0.12626347409323113,0.1
random,32,drought_deficit_volume,0.3477379137053155,0.203648515874592,0.11046367513090782,0.12
random,32,drought_duration,0.30990001960399916,0.18030690685961884,0.1176239952950402,0.11
random,32,drought_peak_depth,0.3107074800417339,0.18664527154506388,0.08688572001701311,0.11
random,32,drought_onset_rate,0.5935541300776376,0.38384012610485346,0.2285579502450571,0.12
random,32,drought_recovery_rate,0.4823724618851022,0.31750619890927406,0.242187172581787,0.15
random,32,flood_peak_magnitude,0.389491031785233,0.2112106854032381,0.19073579708086164,0.09
random,32,flood_pulse_duration,0.4066666666666667,0.26749524052533047,0.11111111111111116,0.11
random,32,flood_rise_rate,0.3533483474468161,0.2156447976701997,0.13645415315597353,0.1
random,33,drought_deficit_volume,0.38648012092369405,0.23660872813447442,0.25811420526482376,0.08
random,33,drought_duration,0.32910801803567924,0.20803796789866497,0.1176239952950402,0.07
random,33,drought_peak_depth,0.3758885576184117,0.21579675008248053,0.16633522673722634,0.07
random,33,drought_onset_rate,0.5242885939367075,0.34401747436750824,0.16867398101563924,0.16
random,33,drought_recovery_rate,0.5243812153213407,0.34287706689391256,0.22883157730718462,0.06
random,33,flood_peak_magnitude,0.37735050356462696,0.21857129234404707,0.1729592488521986,0.07
random,33,flood_pulse_duration,0.3833333333333334,0.2636074522635676,0.11111111111111116,0.12
random,33,flood_rise_rate,0.35232313762491696,0.22670107270384232,0.1125945259244876,0.08
random,34,drought_deficit_volume,0.3816180866657893,0.23960985782025343,0.17975720765206116,0.06
random,34,drought_duration,0.3799000196039991,0.21787496697020037,0.1568319937267203,0.09
random,34,drought_peak_depth,0.31720306477250626,0.18290061087649373,0.10739428760096081,0.1
random,34,drought_onset_rate,0.5148715282152045,0.34373211921655483,0.0829312724697645,0.16
random,34,drought_recovery_rate,0.47816253214277754,0.31916256975399115,0.3209525657363488,0.1
random,34,flood_peak_magnitude,0.3504027050640959,0.2005680720312414,0.1129982545868704,0.09
random,34,flood_pulse_duration,0.4455555555555556,0.3015740598596767,0.11111111111111116,0.07
random,34,flood_rise_rate,0.3308185218088314,0.2048950386099942,0.19454677544709742,0.12
random,35,drought_deficit_volume,0.3994097592556496,0.23800766306176027,0.13313121000303774,0.05
random,35,drought_duration,0.37950401881983914,0.21392948406135145,0.19623603215055863,0.07
random,35,drought_peak_depth,0.2910595377723051,0.17327606094498985,0.14042023841420836,0.14
random,35,drought_onset_rate,0.5720143958718313,0.3730918777165636,0.1435622560743744,0.09
random,35,drought_recovery_rate,0.4592167538303449,0.2944489389467967,0.1845381081545432,0.11
random,35,flood_peak_magnitude,0.3349051695291892,0.18148494316073524,0.11622332632039623,0.14
random,35,flood_pulse_duration,0.4277777777777778,0.2576460391340844,0.11111111111111116,0.15
random,35,flood_rise_rate,0.30913945770714935,0.19715099240922168,0.08138616449462144,0.11
random,36,drought_deficit_volume,0.3409634295316307,0.21370784452394045,0.08795608206190808,0.1
random,36,drought_duration,0.28950401881983917,0.17910122093598746,0.1176239952950403,0.12
random,36,drought_peak_depth,0.28610375040193636,0.16928356493226282,0.2439555028921484,0.14
random,36,drought_onset_rate,0.5579349213003142,0.3630630546125199,0.21279650560291197,0.11
random,36,drought_recovery_rate,0.5428158139138217,0.347556751127715,0.36829201461892636,0.05
random,36,flood_peak_magnitude,0.33573150034823884,0.18581932937799106,0.08762037465788342,0.12
random,36,flood_pulse_duration,0.3811111111111111,0.2431290365116074,0.11111111111111116,0.13
random,36,flood_rise_rate,0.355226922360549,0.2146717302663977,0.1178623272896846,0.12
random,37,drought_deficit_volume,0.31195410433442483,0.19369684955463473,0.12818055065408274,0.11
random,37,drought_duration,0.3095040188198392,0.17102742766838222,0.11782003528719842,0.12
random,37,drought_peak_depth,0.2540935223711238,0.14533029738501985,0.11604792909216388,0.16
random,37,drought_onset_rate,0.5420143958718313,0.35641538861672134,0.16212354816232122,0.12
random,37,drought_recovery_rate,0.5116476786664442,0.3352415756428899,0.1450404211505878,0.12
random,37,flood_peak_magnitude,0.40163058497016135,0.23578901128880342,0.2835704798941754,0.06
random,37,flood_pulse_duration,0.44777777777777783,0.2998528445672336,0.16666666666666663,0.07
random,37,flood_rise_rate,0.3935385415683883,0.23327962748160874,0.21837637008810162,0.06
random,38,drought_deficit_volume,0.3485481309934312,0.2107085322881537,0.12420520649742262,0.1
random,38,drought_duration,0.31910801803567923,0.18508169126535726,0.09821603607135843,0.13
random,38,drought_peak_depth,0.3450584504051899,0.17787859995838212,0.1106114399226572,0.11
random,38,drought_onset_rate,0.5294932698599073,0.3592582218125496,0.16740996435719813,0.13
random,38,drought_recovery_rate,0.5138311089401932,0.33718175915336357,0.22727874546499627,0.11
random,38,flood_peak_magnitude,0.36489332478590764,0.2171307713311835,0.275328609854701,0.11
random,38,flood_pulse_duration,0.47666666666666674,0.30546564333695575,0.2222222222222222,0.11
random,38,flood_rise_rate,0.3178034888274585,0.20491229957175405,0.21764420959856157,0.13
random,39,drought_deficit_volume,0.39529493527893367,0.22027227618172762,0.16658234409789785,0.12
random,39,drought_duration,0.33910801803567925,0.19036289321742217,0.0980199960792002,0.09
random,39,drought_peak_depth,0.2969315853151485,0.1756342025963847,0.1050257952940401,0.11
random,39,drought_onset_rate,0.5977105659508275,0.39488301713561175,0.19138428240738314,0.09
random,39,drought_recovery_rate,0.5314654798573704,0.3434919752053048,0.22348461327939573,0.07
random,39,flood_peak_magnitude,0.3399021747372153,0.20694914932100753,0.1463028190233685,0.1
random,39,flood_pulse_duration,0.3933333333333334,0.2617851819364169,0.11111111111111116,0.13
random,39,flood_rise_rate,0.3688918066084615,0.22727256731415343,0.08687853684280611,0.1
random,40,drought_deficit_volume,0.3211379497839789,0.18829604000375588,0.07865059921520257,0.11
random,40,drought_duration,0.301484022740639,0.1663678252269069,0.0784159968633602,0.09
random,40,drought_peak_depth,0.3008592172165466,0.17884864855513088,0.10589271030039993,0.11
random,40,drought_onset_rate,0.6108674399358118,0.40462785080074115,0.2894221734535022,0.09
random,40,drought_recovery_rate,0.5338810777774623,0.35556718013035493,0.25356569432179055,0.05
random,40,flood_peak_magnitude,0.38910597772457334,0.22399352187496185,0.17633616793878304,0.06
random,40,flood_pulse_duration,0.4755555555555556,0.3155105601723154,0.2222222222222222,0.07
random,40,flood_rise_rate,0.3537868349782666,0.21488673791479937,0.17094751679209685,0.1
random,41,drought_deficit_volume,0.36262933634550165,0.22417454043922225,0.14468064223934696,0.11
random,41,drought_duration,0.3095040188198392,0.1881483888650744,0.0980199960792002,0.1
random,41,drought_peak_depth,0.30572498767966994,0.17202389614498761,0.13586537889475558,0.1
random,41,drought_onset_rate,0.5142988582652276,0.34019007859914546,0.1244187868434844,0.14
random,41,drought_recovery_rate,0.5510046700518203,0.3628619349589042,0.21918242913676333,0.06
random,41,flood_peak_magnitude,0.36442291581202646,0.22079137335285579,0.1737998839806809,0.07
random,41,flood_pulse_duration,0.4711111111111111,0.29886513742885934,0.16666666666666663,0.07
random,41,flood_rise_rate,0.38361494222861475,0.2304001733664335,0.16746811626316993,0.07
random,42,drought_deficit_volume,0.3579347568337734,0.22632376251153513,0.17975720765206116,0.08
random,42,drought_duration,0.32990001960399906,0.19551961951413663,0.0980199960792002,0.12
random,42,drought_peak_depth,0.3684769988822624,0.19836087149234102,0.16609303017126753,0.1
random,42,drought_onset_rate,0.5632311115110145,0.3632843940568693,0.13300843762862713,0.13
random,42,drought_recovery_rate,0.5132687940809953,0.33811790935484276,0.2163617887692586,0.11
random,42,flood_peak_magnitude,0.32026311653314676,0.19936820060628488,0.24704884518926895,0.1
random,42,flood_pulse_duration,0.4566666666666667,0.2999300329932967,0.16666666666666663,0.09
random,42,flood_rise_rate,0.2992260347069134,0.19496852046575341,0.15625658705543044,0.15
random,43,drought_deficit_volume,0.368702353568154,0.2190630865473526,0.09801470206547747,0.09
random,43,drought_duration,0.3287120172515192,0.18630655923010125,0.0784159968633602,0.09
random,43,drought_peak_depth,0.30359208288267914,0.17490351977377475,0.20817213983657168,0.11
random,43,drought_onset_rate,0.5511439225403212,0.3441926339445567,0.14529922495315095,0.14
random,43,drought_recovery_rate,0.5050519094357219,0.3344003015991625,0.17601071613019315,0.09
random,43,flood_peak_magnitude,0.325112172425177,0.1849873209418861,0.1374295551763064,0.13
random,43,flood_pulse_duration,0.37666666666666665,0.25128435518450837,0.11111111111111116,0.14
random,43,flood_rise_rate,0.34841730213421856,0.21231226751475438,0.12812545014945675,0.08
random,44,drought_deficit_volume,0.31394836098427337,0.19817310625447296,0.09132651951052906,0.11
random,44,drought_duration,0.2791080180356792,0.16394439202988514,0.07861203685551832,0.12
random,44,drought_peak_depth,0.2944694023232839,0.17515531062550163,0.1605905508575043,0.14
random,44,drought_onset_rate,0.554795804884842,0.369894503894349,0.178208844697622,0.1
random,44,drought_recovery_rate,0.5654397403210305,0.3692467164605331,0.3025421516949872,0.06
random,44,flood_peak_magnitude,0.36975270728459264,0.22074409384568533,0.262265044903085,0.08
random,44,flood_pulse_duration,0.4322222222222222,0.2966312921065331,0.16666666666666663,0.09
random,44,flood_rise_rate,0.3804864818788216,0.22907242682001705,0.2536531724886736,0.08
random,45,drought_deficit_volume,0.3130802935745526,0.1916718988745619,0.15463297041285207,0.11
random,45,drought_duration,0.2722760243089589,0.17155361746523765,0.1176239952950403,0.1
random,45,drought_peak_depth,0.2768057672560835,0.1736901928254833,0.1433330013392865,0.15
random,45,drought_onset_rate,0.6041141780913527,0.4056317751528834,0.26609647923373714,0.08
random,45,drought_recovery_rate,0.5218442044643412,0.33053323957780056,0.14190388610475346,0.13
random,45,flood_peak_magnitude,0.40083386765773793,0.22916246756809955,0.16360806290818786,0.05
random,45,flood_pulse_duration,0.5055555555555555,0.3357652030883193,0.2222222222222222,0.04
random,45,flood_rise_rate,0.3694707621108124,0.2248510652256784,0.1443698908730704,0.07
random,46,drought_deficit_volume,0.3389411113518578,0.1961694356027292,0.10812678008079235,0.1
random,46,drought_duration,0.29069202117231896,0.158187057196885,0.0980199960792002,0.15
random,46,drought_peak_depth,0.29790066796310816,0.17898708233317087,0.14357307091844096,0.14
random,46,drought_onset_rate,0.6341141780913526,0.4067792491006571,0.16031727053236122,0.07
random,46,drought_recovery_rate,0.5702989118327328,0.35650353655878153,0.3466395670026341,0.07
random,46,flood_peak_magnitude,0.318656628534688,0.17901623282934534,0.08787413540875588,0.09
random,46,flood_pulse_duration,0.4355555555555556,0.28678399838274926,0.16666666666666663,0.08
random,46,flood_rise_rate,0.29199017726369614,0.18054713755026633,0.14342338960510603,0.14
random,47,drought_deficit_volume,0.39815315180886085,0.2455027764019356,0.24359297708542538,0.06
random,47,drought_duration,0.3799000196039991,0.22508571003552752,0.2548519898059204,0.07
random,47,drought_peak_depth,0.32700425900877683,0.1870259505676457,0.26514290479179703,0.11
random,47,drought_onset_rate,0.5609877144796839,0.35814016410881705,0.20106086338463103,0.14
random,47,drought_recovery_rate,0.4521154923129757,0.3080781774187359,0.17166091133573247,0.14
random,47,flood_peak_magnitude,0.3510685290437296,0.20622731664407012,0.16047040567703674,0.11
random,47,flood_pulse_duration,0.41555555555555557,0.2650238750018352,0.16666666666666663,0.09
random,47,flood_rise_rate,0.3795938236398624,0.2262450147485855,0.14531563815610837,0.09
random,48,drought_deficit_volume,0.3049877393010609,0.18781791674301113,0.12818055065408274,0.14
random,48,drought_duration,0.2618800235247989,0.14748860759331364,0.07861203685551832,0.12
random,48,drought_peak_depth,0.2815695305903567,0.1778248126093833,0.08672056018062824,0.15
random,48,drought_onset_rate,0.6300515522202388,0.40594881884298,0.3276492210545755,0.06
random,48,drought_recovery_rate,0.5226207025665315,0.33683367533721725,0.22594380968498584,0.1
random,48,flood_peak_magnitude,0.3666949568352422,0.22198826040916847,0.24948135074640942,0.08
random,48,flood_pulse_duration,0.4255555555555556,0.2754726577814685,0.16666666666666663,0.07
random,48,flood_rise_rate,0.3739063466671168,0.2286907044624256,0.22480394763917821,0.08
random,49,drought_deficit_volume,0.3189774341311578,0.19098017816686996,0.12420520649742262,0.11
random,49,drought_duration,0.291088021956479,0.16521746166117682,0.13742403450303842,0.11
random,49,drought_peak_depth,0.3375951863101261,0.18561069367745303,0.1607657228388577,0.07
random,49,drought_onset_rate,0.47183681056451166,0.33766674012158626,0.15997078220668082,0.17
random,49,drought_recovery_rate,0.5658985562007462,0.38025695470696197,0.4488138025443771,0.06
random,49,flood_peak_magnitude,0.37118649307976204,0.21436430827372077,0.10984573749192972,0.11
random,49,flood_pulse_duration,0.46666666666666673,0.2984155690507001,0.16666666666666663,0.09
random,49,flood_rise_rate,0.3578016485829615,0.21241230395415614,0.09128511263516348,0.12
