pool,selector,seed,n,lo_pct,hi_pct,L2_star_abs,L2_star_cdf,nn_min_abs,nn_cv_abs,tail_share_p90,corner_share_p90,ks_mean_vs_pool,mst_edge_mean,mst_edge_min,mst_edge_cv,zero_event_share_selected,zero_event_share_pool
half0,random,0,100,1.0,99.0,0.25797725146411365,0.023555707745880745,0.025014323499229274,0.547785481579456,0.125,0.48,0.05875,0.15360812964822299,0.025014323499229274,0.47620928636540044,0.0,0.007
half0,random,1,100,1.0,99.0,0.30339679459766716,0.01868787680994027,0.015661993877595426,0.649732315170251,0.0825,0.31,0.07225,0.15534355436258288,0.015661993877595426,0.5885136998484797,0.0,0.007
half0,random,2,100,1.0,99.0,0.3368911735788889,0.034227450744202643,0.03886869919589906,0.7419178676132663,0.07,0.24,0.10450000000000001,0.1400111215450379,0.03886869919589906,0.6827239518270002,0.02,0.007
half0,random,3,100,1.0,99.0,0.3046958419154465,0.02243200861227048,0.01679121954678976,0.4959415780757833,0.0775,0.29,0.07300000000000001,0.14661021622929515,0.01679121954678976,0.45049350132705673,0.01,0.007
half0,random,4,100,1.0,99.0,0.30608235849009213,0.022110328666248808,0.022565117415047863,0.4763577280737855,0.0825,0.31,0.0635,0.14056168644092537,0.022565117415047863,0.43665971854011915,0.01,0.007
half0,random,5,100,1.0,99.0,0.2724878228095973,0.021049455189245937,0.022031568959200134,0.5845878962545132,0.1125,0.4,0.0805,0.1633292214669382,0.022031568959200134,0.5457414798025688,0.0,0.007
half0,random,6,100,1.0,99.0,0.2646850613997352,0.026798508082545885,0.049547220581575284,0.48615183118170624,0.11499999999999999,0.41,0.08325,0.16266056429089362,0.049547220581575284,0.44453209455447906,0.0,0.007
half0,random,7,100,1.0,99.0,0.2819339418209632,0.018684120272140867,0.04352789073418742,0.6743827187282119,0.10750000000000001,0.38,0.0645,0.16198962176616064,0.04352789073418742,0.6019671600810803,0.02,0.007
half0,random,8,100,1.0,99.0,0.33379534299052344,0.030744162969936324,0.05057712877692297,0.5792431092733917,0.065,0.25,0.08725000000000001,0.13361572737284017,0.05057712877692297,0.5163319244248277,0.02,0.007
half0,random,9,100,1.0,99.0,0.28039810698201006,0.02607221920542836,0.026458365835338053,0.5321965349282551,0.08750000000000001,0.34,0.06375,0.14925653606565517,0.026458365835338053,0.46814074393518224,0.01,0.007
half0,lhs_nn,0,100,1.0,99.0,0.05710264324821978,0.09462536778378446,0.07644301822431596,0.37629550891464164,0.2875,0.83,0.284,0.20980404639504316,0.07644301822431596,0.31515444369041945,0.0,0.007
half0,lhs_nn,1,100,1.0,99.0,0.04124451855101516,0.0983741275379161,0.07644301822431596,0.3557613869422465,0.31,0.91,0.30025,0.21264082561119457,0.07644301822431596,0.31403861797412846,0.0,0.007
half0,lhs_nn,2,100,1.0,99.0,0.05151242931667487,0.10053170733294449,0.07925602548632071,0.33896010402834587,0.2775,0.78,0.31124999999999997,0.21257739975915277,0.07925602548632071,0.2910839055496792,0.0,0.007
half0,lhs_nn,3,100,1.0,99.0,0.05251030747419092,0.09833102849766277,0.07644301822431596,0.37532501114808386,0.29500000000000004,0.84,0.31075,0.20570190803574648,0.07644301822431596,0.3298767933383582,0.0,0.007
half0,lhs_nn,4,100,1.0,99.0,0.04306600064950374,0.1001377727286835,0.07925145437333318,0.36718827354182504,0.2925,0.86,0.3025,0.20536548934035856,0.07925145437333318,0.3154289795358813,0.0,0.007
half0,lhs_nn,5,100,1.0,99.0,0.047834884402426184,0.09904958651725836,0.06340386222811119,0.346646467583606,0.2975,0.87,0.30225,0.20956717108526554,0.06340386222811119,0.31445371727902555,0.0,0.007
half0,lhs_nn,6,100,1.0,99.0,0.059371800260709595,0.09623791191391229,0.02574900060881033,0.37709954280627056,0.2925,0.84,0.292,0.20730434538631815,0.02574900060881033,0.3328342224519093,0.0,0.007
half0,lhs_nn,7,100,1.0,99.0,0.03437162631132778,0.10195114420450074,0.03821765591861782,0.40907651711680787,0.305,0.9,0.29925,0.20059900375360568,0.03821765591861782,0.34209090811548415,0.0,0.007
half0,lhs_nn,8,100,1.0,99.0,0.0426670488034684,0.09878816746192415,0.07888740183459717,0.3552311528544201,0.295,0.87,0.29475,0.2096419354336259,0.07888740183459717,0.3013899180148713,0.0,0.007
half0,lhs_nn,9,100,1.0,99.0,0.039933745248089916,0.10088853354317885,0.07925602548632071,0.35755762291862503,0.3,0.86,0.306,0.21289024542760795,0.07925602548632071,0.3201959964686109,0.0,0.007
half0,lhs_assign,0,100,1.0,99.0,0.0557881623253761,0.09462420324414034,0.03821765591861782,0.41979619953805614,0.2825,0.83,0.28750000000000003,0.2030356919840508,0.03821765591861782,0.34637208558772203,0.0,0.007
half0,lhs_assign,1,100,1.0,99.0,0.04742896795010248,0.09800211768005807,0.07925602548632071,0.3579070648775729,0.31,0.91,0.297,0.20952839134628248,0.07925602548632071,0.31812690771915275,0.0,0.007
half0,lhs_assign,2,100,1.0,99.0,0.05628376033016786,0.09936573621487543,0.07709973083782216,0.34535476858082637,0.27249999999999996,0.78,0.309,0.21385558261367926,0.07709973083782216,0.2970045154772551,0.0,0.007
half0,lhs_assign,3,100,1.0,99.0,0.05034085103172371,0.0983403681051493,0.07644301822431596,0.3630722573269014,0.3,0.85,0.30524999999999997,0.20976742440206128,0.07644301822431596,0.3215767733241115,0.0,0.007
half0,lhs_assign,4,100,1.0,99.0,0.03884407701981066,0.1005427770879896,0.07709973083782216,0.3769362445421307,0.305,0.88,0.29925,0.207613496800476,0.07709973083782216,0.323459480603888,0.0,0.007
half0,lhs_assign,5,100,1.0,99.0,0.051004979587276525,0.0988129315817983,0.06340386222811119,0.33993217920933555,0.29000000000000004,0.85,0.303,0.20551794156344125,0.06340386222811119,0.3081091522154052,0.0,0.007
half0,lhs_assign,6,100,1.0,99.0,0.05547518382544713,0.09616156937167988,0.02574900060881033,0.3725588267500664,0.295,0.85,0.2745,0.21230280506871224,0.02574900060881033,0.3224860714187651,0.0,0.007
half0,lhs_assign,7,100,1.0,99.0,0.036929790495357384,0.1017510679725136,0.03821765591861782,0.3894257630957633,0.3,0.88,0.29774999999999996,0.20409023064401266,0.03821765591861782,0.32520857682800525,0.0,0.007
half0,lhs_assign,8,100,1.0,99.0,0.04521245411291245,0.09851994878686358,0.07888740183459717,0.3618742289660048,0.2925,0.87,0.2965,0.21688770602149912,0.07888740183459717,0.3071377975709672,0.0,0.007
half0,lhs_assign,9,100,1.0,99.0,0.04197032212874348,0.10074478270074726,0.07925602548632071,0.3575103945284415,0.3,0.87,0.305,0.21402134583357502,0.07925602548632071,0.3110830820233882,0.0,0.007
half0,maximin,0,100,1.0,99.0,0.10126179400624458,0.07414464375819033,0.22824477047962874,0.16324527067367406,0.2425,0.73,0.2085,0.27111717160790827,0.22824477047962874,0.15756008461152854,0.02,0.007
half0,maximin,1,100,1.0,99.0,0.10126179400624458,0.07414464375819033,0.22824477047962874,0.16324527067367406,0.2425,0.73,0.2085,0.27111717160790827,0.22824477047962874,0.15756008461152854,0.02,0.007
half0,maximin,2,100,1.0,99.0,0.10126179400624458,0.07414464375819033,0.22824477047962874,0.16324527067367406,0.2425,0.73,0.2085,0.27111717160790827,0.22824477047962874,0.15756008461152854,0.02,0.007
half0,maximin,3,100,1.0,99.0,0.10126179400624458,0.07414464375819033,0.22824477047962874,0.16324527067367406,0.2425,0.73,0.2085,0.27111717160790827,0.22824477047962874,0.15756008461152854,0.02,0.007
half0,maximin,4,100,1.0,99.0,0.10126179400624458,0.07414464375819033,0.22824477047962874,0.16324527067367406,0.2425,0.73,0.2085,0.27111717160790827,0.22824477047962874,0.15756008461152854,0.02,0.007
half0,maximin,5,100,1.0,99.0,0.10126179400624458,0.07414464375819033,0.22824477047962874,0.16324527067367406,0.2425,0.73,0.2085,0.27111717160790827,0.22824477047962874,0.15756008461152854,0.02,0.007
half0,maximin,6,100,1.0,99.0,0.10126179400624458,0.07414464375819033,0.22824477047962874,0.16324527067367406,0.2425,0.73,0.2085,0.27111717160790827,0.22824477047962874,0.15756008461152854,0.02,0.007
half0,maximin,7,100,1.0,99.0,0.10126179400624458,0.07414464375819033,0.22824477047962874,0.16324527067367406,0.2425,0.73,0.2085,0.27111717160790827,0.22824477047962874,0.15756008461152854,0.02,0.007
half0,maximin,8,100,1.0,99.0,0.10126179400624458,0.07414464375819033,0.22824477047962874,0.16324527067367406,0.2425,0.73,0.2085,0.27111717160790827,0.22824477047962874,0.15756008461152854,0.02,0.007
half0,maximin,9,100,1.0,99.0,0.10126179400624458,0.07414464375819033,0.22824477047962874,0.16324527067367406,0.2425,0.73,0.2085,0.27111717160790827,0.22824477047962874,0.15756008461152854,0.02,0.007
half0,eps_cell,0,100,1.0,99.0,0.09618147224692977,0.0862057744577064,0.10855260223872805,0.27073212481956377,0.2375,0.76,0.23349999999999999,0.22666551650745456,0.10855260223872805,0.23826498278577543,0.0,0.007
half0,eps_cell,1,100,1.0,99.0,0.09516244776678241,0.08771604619648253,0.10855260223872805,0.307477171379817,0.2425,0.77,0.23374999999999999,0.22495578174355768,0.10855260223872805,0.2714076787712379,0.0,0.007
half0,eps_cell,2,100,1.0,99.0,0.09149651656860366,0.08896687238180812,0.10855260223872805,0.2955858562123159,0.25,0.78,0.23625000000000002,0.22352240398355697,0.10855260223872805,0.26389797138299836,0.0,0.007
half0,eps_cell,3,100,1.0,99.0,0.0878687849780454,0.08820192692619,0.10855260223872805,0.2957649134148056,0.2525,0.79,0.248,0.22753555678590137,0.10855260223872805,0.25549940321698034,0.0,0.007
half0,eps_cell,4,100,1.0,99.0,0.0921246860852688,0.08894405564823343,0.11245233227252399,0.2721062902537954,0.25,0.78,0.241,0.22566864620444702,0.11245233227252399,0.2461822915130489,0.0,0.007
half0,eps_cell,5,100,1.0,99.0,0.09361173675759173,0.08601765906969312,0.11245233227252399,0.2953765696706507,0.255,0.8,0.241,0.22783766059247815,0.11245233227252399,0.2616432069768659,0.0,0.007
half0,eps_cell,6,100,1.0,99.0,0.0945495464431624,0.08675732877147195,0.10855260223872805,0.31077599095010133,0.2425,0.77,0.23625000000000002,0.22170709529168864,0.10855260223872805,0.2777157483212171,0.0,0.007
half0,eps_cell,7,100,1.0,99.0,0.09691256725039042,0.08738393908901594,0.10855260223872805,0.3021859856934118,0.245,0.77,0.233,0.2204446028409229,0.10855260223872805,0.26869497359283834,0.0,0.007
half0,eps_cell,8,100,1.0,99.0,0.09421935327653165,0.08686179480965883,0.10855260223872805,0.3011731485784595,0.2525,0.79,0.2445,0.2282471823740094,0.10855260223872805,0.2658464561368617,0.0,0.007
half0,eps_cell,9,100,1.0,99.0,0.09630868754350308,0.08600579607724594,0.10855260223872805,0.29170780860394613,0.245,0.77,0.239,0.22325130856753497,0.10855260223872805,0.2572811685390349,0.0,0.007
half1,random,0,100,1.0,99.0,0.3021278530512029,0.03434523823332228,0.033480104452480015,0.7038188456876235,0.08750000000000001,0.3,0.08574999999999999,0.15053152685227483,0.033480104452480015,0.6327755830531187,0.0,0.007
half1,random,1,100,1.0,99.0,0.28935061718502436,0.024727889937743597,0.04012450263343333,0.648787142934488,0.095,0.29,0.09874999999999999,0.14139898301888112,0.04012450263343333,0.5736118603948118,0.0,0.007
half1,random,2,100,1.0,99.0,0.2949525724051287,0.024474981450558077,0.030612846614723785,0.5413750335039976,0.1075,0.35,0.0955,0.15387055772096472,0.030612846614723785,0.5258770327699809,0.02,0.007
half1,random,3,100,1.0,99.0,0.2736553617228072,0.021006028823730472,0.0038854048730569,0.6493566646095998,0.11249999999999999,0.35,0.06075,0.14948435766482432,0.0038854048730569,0.5981074384631659,0.0,0.007
half1,random,4,100,1.0,99.0,0.2859061484397899,0.02460814794834631,0.0421727969346608,0.5227138144816453,0.0925,0.31,0.0905,0.1426528713753323,0.0421727969346608,0.5272157672488674,0.0,0.007
half1,random,5,100,1.0,99.0,0.2784596219052664,0.02100665247829567,0.035115205680744215,0.5219091013792609,0.10250000000000001,0.35,0.05974999999999999,0.14979201539017745,0.035115205680744215,0.4646350025561542,0.01,0.007
half1,random,6,100,1.0,99.0,0.2971684719235677,0.03077163185846237,0.05578690591730188,0.4657167302907118,0.0925,0.31,0.07875,0.1415173068789976,0.05578690591730188,0.4399478148185471,0.01,0.007
half1,random,7,100,1.0,99.0,0.2994901044155714,0.0237447499483793,0.02556719073224558,0.6260500042739194,0.0875,0.27,0.087,0.14966671664009504,0.02556719073224558,0.5673430967335843,0.01,0.007
half1,random,8,100,1.0,99.0,0.3166054185005701,0.0292705140930385,0.03075495604361127,0.618795437248515,0.065,0.24,0.07275,0.1368321029870463,0.03075495604361127,0.5487155925827951,0.0,0.007
half1,random,9,100,1.0,99.0,0.275595047558823,0.019073094973147908,0.037881280880667396,0.5146943206148864,0.10250000000000001,0.35,0.0825,0.16013451288558475,0.037881280880667396,0.4999048040540161,0.0,0.007
half1,lhs_nn,0,100,1.0,99.0,0.05252975218085807,0.09647318269137946,0.03286814487078217,0.3985594460254059,0.3125,0.86,0.26575,0.1977938443717161,0.03286814487078217,0.3395792456902953,0.0,0.007
half1,lhs_nn,1,100,1.0,99.0,0.043946430678614146,0.09777140497923742,0.06804360991416186,0.3426957845972016,0.34500000000000003,0.91,0.29325,0.21270081227916285,0.06804360991416186,0.2999821472460521,0.0,0.007
half1,lhs_nn,2,100,1.0,99.0,0.045284896865785,0.10098593092835365,0.06804360991416186,0.34834985571084065,0.335,0.87,0.29,0.20169614130609387,0.06804360991416186,0.31286405049714894,0.0,0.007
half1,lhs_nn,3,100,1.0,99.0,0.049358932913894496,0.0986219883408699,0.03286814487078217,0.3947923774169657,0.33,0.88,0.29325,0.20171966665865773,0.03286814487078217,0.3482197690334698,0.0,0.007
half1,lhs_nn,4,100,1.0,99.0,0.03776797238812449,0.10124551605504921,0.06804360991416186,0.39447204591183826,0.32999999999999996,0.89,0.29075,0.1986156544947821,0.06804360991416186,0.3467718180980493,0.0,0.007
half1,lhs_nn,5,100,1.0,99.0,0.04604731085843332,0.1011090437117617,0.06804360991416186,0.38500247789042896,0.325,0.89,0.28300000000000003,0.1964144954200599,0.06804360991416186,0.35744577487688234,0.0,0.007
half1,lhs_nn,6,100,1.0,99.0,0.05314176189393579,0.09752096912346657,0.051158535489666354,0.38311148258031974,0.315,0.87,0.28425,0.20461023699461944,0.051158535489666354,0.33384248686972606,0.01,0.007
half1,lhs_nn,7,100,1.0,99.0,0.03544934228094367,0.10160357467353412,0.035115205680744215,0.3734895390978565,0.3175,0.88,0.28625,0.20277665441983092,0.035115205680744215,0.31883505561823894,0.0,0.007
half1,lhs_nn,8,100,1.0,99.0,0.04273062742385803,0.10015290284214952,0.06804360991416186,0.3797275167108676,0.3325,0.91,0.27875,0.19650430856203235,0.06804360991416186,0.3353585632253917,0.0,0.007
half1,lhs_nn,9,100,1.0,99.0,0.046120344449190206,0.10144615807824978,0.06804360991416186,0.345095284166554,0.3175,0.9,0.28625,0.20355868377244618,0.06804360991416186,0.3211913218028153,0.0,0.007
half1,lhs_assign,0,100,1.0,99.0,0.050437439434019765,0.09658835212034733,0.06651594391708891,0.38610001710447517,0.3175,0.86,0.26799999999999996,0.20208218285489932,0.06651594391708891,0.3279660530791159,0.0,0.007
half1,lhs_assign,1,100,1.0,99.0,0.045298740275692306,0.09750812680249898,0.06804360991416186,0.3481439766027448,0.335,0.9,0.28525,0.20962717421450372,0.06804360991416186,0.2995798869126698,0.0,0.007
half1,lhs_assign,2,100,1.0,99.0,0.0498232343370384,0.10049905165738007,0.03286814487078217,0.371533525219026,0.315,0.85,0.2855,0.19983023670822866,0.03286814487078217,0.3329134614599513,0.0,0.007
half1,lhs_assign,3,100,1.0,99.0,0.048841720758232385,0.09926726009731768,0.03286814487078217,0.39727487492714253,0.3275,0.88,0.28925,0.20534024729356185,0.03286814487078217,0.3400919137136279,0.0,0.007
half1,lhs_assign,4,100,1.0,99.0,0.03695427088475109,0.10112123495207759,0.06804360991416186,0.3837104134214325,0.3325,0.9,0.2855,0.19837446200137457,0.06804360991416186,0.3337823781414387,0.0,0.007
half1,lhs_assign,5,100,1.0,99.0,0.04685860269007735,0.10140825647175901,0.06804360991416186,0.3820477077794249,0.3375,0.91,0.29325,0.19648456667545675,0.06804360991416186,0.3572958144705555,0.0,0.007
half1,lhs_assign,6,100,1.0,99.0,0.052435830172526704,0.09755284494879723,0.06804360991416186,0.3668963346087708,0.315,0.87,0.28675,0.2060966885376296,0.06804360991416186,0.3252074799666077,0.01,0.007
half1,lhs_assign,7,100,1.0,99.0,0.03776788403856125,0.10149862037919294,0.035115205680744215,0.3460888922403676,0.32,0.89,0.28325,0.1982586525725124,0.035115205680744215,0.30564286549241915,0.0,0.007
half1,lhs_assign,8,100,1.0,99.0,0.045398172697584095,0.10028942428287504,0.06804360991416186,0.3998293765323671,0.33499999999999996,0.91,0.28625,0.20331870276279743,0.06804360991416186,0.34569303612682206,0.0,0.007
half1,lhs_assign,9,100,1.0,99.0,0.04656411361027989,0.10142955920650834,0.06804360991416186,0.34244248812103595,0.315,0.91,0.2885,0.20792581588635858,0.06804360991416186,0.3047350736945515,0.0,0.007
half1,maximin,0,100,1.0,99.0,0.0838038170200788,0.08182847148715498,0.22446144049018096,0.13436806292890952,0.28750000000000003,0.79,0.20725,0.26673949829598853,0.22446144049018096,0.12861041737574733,0.04,0.007
half1,maximin,1,100,1.0,99.0,0.0838038170200788,0.08182847148715498,0.22446144049018096,0.13436806292890952,0.28750000000000003,0.79,0.20725,0.26673949829598853,0.22446144049018096,0.12861041737574733,0.04,0.007
half1,maximin,2,100,1.0,99.0,0.0838038170200788,0.08182847148715498,0.22446144049018096,0.13436806292890952,0.28750000000000003,0.79,0.20725,0.26673949829598853,0.22446144049018096,0.12861041737574733,0.04,0.007
half1,maximin,3,100,1.0,99.0,0.0838038170200788,0.08182847148715498,0.22446144049018096,0.13436806292890952,0.28750000000000003,0.79,0.20725,0.26673949829598853,0.22446144049018096,0.12861041737574733,0.04,0.007
half1,maximin,4,100,1.0,99.0,0.0838038170200788,0.08182847148715498,0.22446144049018096,0.13436806292890952,0.28750000000000003,0.79,0.20725,0.26673949829598853,0.22446144049018096,0.12861041737574733,0.04,0.007
half1,maximin,5,100,1.0,99.0,0.0838038170200788,0.08182847148715498,0.22446144049018096,0.13436806292890952,0.28750000000000003,0.79,0.20725,0.26673949829598853,0.22446144049018096,0.12861041737574733,0.04,0.007
half1,maximin,6,100,1.0,99.0,0.0838038170200788,0.08182847148715498,0.22446144049018096,0.13436806292890952,0.28750000000000003,0.79,0.20725,0.26673949829598853,0.22446144049018096,0.12861041737574733,0.04,0.007
half1,maximin,7,100,1.0,99.0,0.0838038170200788,0.08182847148715498,0.22446144049018096,0.13436806292890952,0.28750000000000003,0.79,0.20725,0.26673949829598853,0.22446144049018096,0.12861041737574733,0.04,0.007
half1,maximin,8,100,1.0,99.0,0.0838038170200788,0.08182847148715498,0.22446144049018096,0.13436806292890952,0.28750000000000003,0.79,0.20725,0.26673949829598853,0.22446144049018096,0.12861041737574733,0.04,0.007
half1,maximin,9,100,1.0,99.0,0.0838038170200788,0.08182847148715498,0.22446144049018096,0.13436806292890952,0.28750000000000003,0.79,0.20725,0.26673949829598853,0.22446144049018096,0.12861041737574733,0.04,0.007
half1,eps_cell,0,100,1.0,99.0,0.08285443210595844,0.09176827464550197,0.10622541460839618,0.2905567099609922,0.29000000000000004,0.84,0.24275,0.21748798643873385,0.10622541460839618,0.25443803329300696,0.0,0.007
half1,eps_cell,1,100,1.0,99.0,0.08519609781862815,0.09001091895627433,0.10622541460839618,0.266585376515398,0.28,0.82,0.24825,0.2249927315974694,0.10622541460839618,0.23627042728917658,0.0,0.007
half1,eps_cell,2,100,1.0,99.0,0.08097751779618213,0.09183894099509413,0.10622541460839618,0.2926825964997676,0.28750000000000003,0.83,0.24975,0.21948380314443272,0.10622541460839618,0.2532754894670318,0.0,0.007
half1,eps_cell,3,100,1.0,99.0,0.07644528556194262,0.09198600780990439,0.10622541460839618,0.29183314827992773,0.29000000000000004,0.84,0.2535,0.2243647704354203,0.10622541460839618,0.2530325250202139,0.0,0.007
half1,eps_cell,4,100,1.0,99.0,0.07399782675025876,0.09347118112672222,0.10622541460839618,0.2830706416650143,0.2925,0.84,0.256,0.22281984376303668,0.10622541460839618,0.24530694862437175,0.0,0.007
half1,eps_cell,5,100,1.0,99.0,0.08363932281559988,0.08954044991252429,0.10622541460839618,0.2660264812398841,0.28750000000000003,0.83,0.2435,0.22073435654740872,0.10622541460839618,0.22840882059569056,0.0,0.007
half1,eps_cell,6,100,1.0,99.0,0.08604384831763011,0.08935362242718806,0.10622541460839618,0.28913893367959875,0.28250000000000003,0.82,0.24350000000000002,0.22330440609776359,0.10622541460839618,0.25057113577251533,0.0,0.007
half1,eps_cell,7,100,1.0,99.0,0.08375670671462329,0.09054663021397,0.10622541460839618,0.2872119477882677,0.28500000000000003,0.83,0.24625,0.2216543830093715,0.10622541460839618,0.2499284919225523,0.0,0.007
half1,eps_cell,8,100,1.0,99.0,0.08689527090534865,0.0891129300311738,0.10622541460839618,0.30232099962577874,0.2825,0.82,0.23600000000000002,0.22084510378775982,0.10622541460839618,0.26164280738586093,0.0,0.007
half1,eps_cell,9,100,1.0,99.0,0.08522469692623895,0.08983057346809165,0.10622541460839618,0.29641885520544586,0.28500000000000003,0.83,0.25075000000000003,0.22241626696751704,0.10622541460839618,0.25900527563395714,0.0,0.007
