,nyc_delivery_reliability_annual,nyc_delivery_deficit_p99_pct,montague_flow_reliability_annual,montague_flow_deficit_p99_pct,trenton_flow_reliability_annual,downstream_flood_days_annual,downstream_flood_days_annual_p99,nyc_storage_min_p01_pct,nj_delivery_reliability_annual
nyc_delivery_reliability_annual,1.0,0.010002718915905309,0.6831169538346363,0.037599973324279314,0.34507925921332977,0.2953463724732992,0.11861606255562768,0.09306584109930023,0.1360969749975133
nyc_delivery_deficit_p99_pct,0.010002718915905309,1.0,0.018708572285742506,-0.0562777877913963,0.14182126495038747,-0.0028732376249414313,0.054104245803162955,0.23953255873837065,0.04864403253528519
montague_flow_reliability_annual,0.6831169538346363,0.018708572285742506,1.0,-0.03560357604500798,0.5272483528999997,0.28996570004772754,0.18568860850868174,0.06443771620522713,0.19021636832411715
montague_flow_deficit_p99_pct,0.037599973324279314,-0.0562777877913963,-0.03560357604500798,1.0,-0.3781522609942656,0.05168684862783241,0.11555456961295692,0.3045224123415479,0.03049128579757288
trenton_flow_reliability_annual,0.34507925921332977,0.14182126495038747,0.5272483528999997,-0.3781522609942656,1.0,0.051630407270429036,0.03375543552203615,-0.1028166794224374,-0.07866519375433395
downstream_flood_days_annual,0.2953463724732992,-0.0028732376249414313,0.28996570004772754,0.05168684862783241,0.051630407270429036,1.0,0.2658145812112982,0.24204782298838898,0.36842728505304606
downstream_flood_days_annual_p99,0.11861606255562768,0.054104245803162955,0.18568860850868174,0.11555456961295692,0.03375543552203615,0.2658145812112982,1.0,0.20606633454940107,0.17887950401309619
nyc_storage_min_p01_pct,0.09306584109930023,0.23953255873837065,0.06443771620522713,0.3045224123415479,-0.1028166794224374,0.24204782298838898,0.20606633454940107,1.0,0.1656927452628643
nj_delivery_reliability_annual,0.1360969749975133,0.04864403253528519,0.19021636832411715,0.03049128579757288,-0.07866519375433395,0.36842728505304606,0.17887950401309619,0.1656927452628643,1.0
